date,index
20110102,0.0
20110103,0.012793351459909542
20110104,0.22990033377708954
20110105,-0.12921173148000623
20110106,0.13592316606799293
20110107,-0.058536502452572796
20110108,-0.010695289116747919
20110109,-0.09387751480282899
20110110,0.16977599773033905
20110111,0.0797871166178319
20110112,-0.08311490671050657
20110113,-0.01680711831638129
20110114,-0.05935424264918274
20110115,-0.08635756853221097
20110116,-0.019802627296179754
20110117,0.23111172096338664
20110118,-0.18422813506453617
20110119,0.11523526357758473
20110120,-0.08146094645898068
20110121,-0.03377431711860404
20110122,-0.15224410155667667
20110123,0.19702770418365015
20110124,0.1583130167419457
20110125,-0.06433085838114014
20110126,-0.13876576098777882
20110127,0.07001016557264887
20110128,-0.058624843347523596
20110129,-0.1416505170630268
20110130,0.09134977858822783
20110131,-0.08701137698962981
20110201,0.07904320734045288
20110202,-0.47160491061270937
20110203,0.03154835773492606
20110204,0.1443423087287382
20110205,0.05236798551731594
20110206,0.1063804035585718
20110207,-0.03738753207162033
20110208,0.03738753207162041
20110209,0.12893368337589323
20110210,0.16332505610329962
20110211,0.04355797433912994
20110212,-0.08909999478604605
20110213,-0.0743837201218279
20110214,0.1502822030493379
20110215,-0.003327790092674691
20110216,0.023065272930996188
20110217,-0.1777716626919773
20110218,0.030653741091002305
20110219,0.062177244951891364
20110220,-0.12847832477313137
20110221,0.14953173397096384
20110222,0.02401487620387392
20110223,0.19076042543981928
20110224,-0.14116348430044712
20110225,-0.08408311721054144
20110226,-0.05406722127027582
20110227,-0.1094842328416884
20110228,0.211505847234
20110301,-0.08367247572411507
20110302,-0.003642991278501092
20110303,0.14892327639210665
20110304,-0.11307714461897077
20110305,-0.032203140494634706
20110306,0.07020425867324856
20110307,-0.024014876203873853
20110308,-0.0034782643763248086
20110309,0.1365755350057507
20110310,-0.015314234973042481
20110311,-0.23947997063390317
20110312,0.015564516541111548
20110313,0.026668247082161273
20110314,0.1816947940031455
20110315,0.012461220437812033
20110316,-0.003100777678248271
20110317,0.0031007776782481854
20110318,0.03945883674054771
20110319,-0.10668414258833457
20110320,0.0033057881344994103
20110321,0.149898370088728
20110322,-0.014306395651237858
20110323,-0.13559197443749005
20110324,0.04831857727080773
20110325,-0.05826890812397576
20110326,-0.14695441295666337
20110327,0.07438372012182794
20110328,0.20067069546215124
20110329,-0.0635614814897445
20110330,0.0368139731227164
20110331,0.023810648693718607
20110401,-0.0988458346366326
20110402,-0.0032520353863773432
20110403,-0.0708559367673446
20110404,0.030983545519967227
20110405,0.010118130165584686
20110406,0.10199916795512153
20110407,-0.06252035698133393
20110408,0.01600034134644112
20110409,-0.03554493741941135
20110410,-0.009917436657345916
20110411,0.09802470416761272
20110412,0.05565125454937731
20110413,-0.10504400987895371
20110414,-0.00634922767865878
20110415,-0.10748591497013975
20110416,-0.017889564750775057
20110417,-0.007246408520767198
20110418,0.22677331936478853
20110419,0.028573372444055948
20110420,-0.12272480356716238
20110421,0.14776088172848725
20110422,-0.17684209102932902
20110423,0.05112934652260426
20110424,-0.1804541426191592
20110425,0.2496546768625416
20110426,-0.026511125548331967
20110427,0.01775194545845032
20110428,-0.2006706954621511
20110429,0.16180182656277808
20110430,-0.09928146958144408
20110501,-0.1884006028703368
20110502,0.18164382040745705
20110503,0.21292199724267172
20110504,-0.20280386707708709
20110505,0.07745805903900395
20110506,0.060259191518196746
20110507,-0.17881892624275256
20110508,-0.010544913176614998
20110509,0.1864355796402791
20110510,-0.044985095916809104
20110511,0.03910272601374261
20110512,-0.03298649899630654
20110513,-0.09257003499345727
20110514,-0.006711434587986804
20110515,-0.05182506786458602
20110516,0.11383514264879858
20110517,0.17915198203267552
20110518,-0.06559728248581323
20110519,0.07873807604687161
20110520,-0.15502138079650232
20110521,-0.11969034121265121
20110522,0.21832094465427856
20110523,0.27377364240564894
20110524,-0.16896576561239895
20110525,-0.032872745000574785
20110526,-0.07747531216829057
20110527,-0.08701137698962981
20110528,-0.09198238971165021
20110529,-0.030356462480593954
20110530,0.11014357909842591
20110531,0.009160369398664195
20110601,0.10930409728919845
20110602,-0.07055111099196512
20110603,-0.05406722127027582
20110604,-0.15312240210169228
20110605,-0.00722024797348702
20110606,0.05977174329991735
20110607,0.2224607243842989
20110608,0.0
20110609,0.07878087785311438
20110610,-0.025576841789649737
20110611,-0.3246255876434652
20110612,0.18291875000370073
20110613,0.00298062813813772
20110614,0.06899287148695142
20110615,0.05406722127027579
20110616,-0.07654007712233438
20110617,-0.04652001563489282
20110618,-0.04255961441879589
20110619,-0.08081940674170866
20110620,0.16705408466316624
20110621,-0.09246522767209356
20110622,0.05176193455858958
20110623,0.01764751681357814
20110624,0.05391376465983123
20110625,-0.02234729869199666
20110626,-0.14244916554657736
20110627,0.19204610668594949
20110628,-0.15370275148830195
20110629,0.13196276485189606
20110630,-0.12260232209233239
20110701,-0.05096644359202752
20110702,-0.0887954987831312
20110703,-0.028987536873252298
20110704,0.21130909366720696
20110705,-0.02105340919783238
20110706,0.0060606246116909545
20110707,0.08675958295581794
20110708,-0.07176679836967668
20110709,-0.1716642623199666
20110710,0.1259942254867783
20110711,0.14476093947741928
20110712,-0.1323768802776977
20110713,0.07410797215372183
20110714,-0.011494379425735134
20110715,-0.026355844705362546
20110716,-0.05803154757218484
20110717,0.1212710057081021
20110718,-0.028250466285851733
20110719,-0.017341475036487215
20110720,0.005813969865419816
20110721,0.07534943724178679
20110722,-0.055262678675049415
20110723,-0.12062798778861475
20110724,-0.09402894964827634
20110725,0.18583649890139908
20110726,-0.0886075465224519
20110727,-0.12943209287358196
20110728,0.16088122555608525
20110729,-0.0805588367172521
20110730,-0.01351371916672282
20110731,-0.07410797215372185
20110801,0.24846135929849972
20110802,-0.10536051565782628
20110803,0.22631312607548879
20110804,-0.16177460493791765
20110805,-0.070907969423051
20110806,-0.039092925791277544
20110807,0.02298951822469878
20110808,0.11633899208414977
20110809,-0.04734612059719831
20110810,0.18484362622666456
20110811,-0.07585334251825944
20110812,-0.06453852113757118
20110813,-0.11669666944416256
20110814,-0.05009394531891543
20110815,0.11625980611586202
20110816,0.05342516667358057
20110817,-0.09386613623209124
20110818,0.16093036681263712
20110819,-0.1834032226646956
20110820,-0.08112554481236846
20110821,-0.11558474943368577
20110822,0.21281370181263295
20110823,0.10312158940670604
20110824,-0.1828980918344271
20110825,0.24436995592809505
20110826,-0.0358659131884967
20110827,-0.16450371347716086
20110828,0.029365894804364537
20110829,0.14631111927092152
20110830,-0.06010392406970544
20110831,-0.04525659158812083
20110901,-0.009302392662313561
20110902,-0.02523793258986265
20110903,0.01898791224469138
20110904,-0.009448889197932507
20110905,-0.10676797542570605
20110906,0.2563876098933642
20110907,-0.05028992585214305
20110908,-0.00863314714470289
20110909,-0.023392879574705462
20110910,-0.06730368189610667
20110911,-0.06538275926285174
20110912,-0.04845238338594674
20110913,0.47177510889411767
20110914,0.013187004281953681
20110915,-0.013187004281953801
20110916,-0.2500510042341341
20110917,-0.10472940172081653
20110918,0.09042300606957865
20110919,-0.04118228996641541
20110920,-0.01512888159630009
20110921,0.11778303565638346
20110922,0.09309042306601203
20110923,-0.16034265007517937
20110924,-0.032403424054659305
20110925,-0.09411329157047876
20110926,0.22577167372047935
20110927,-0.0539214167938201
20110928,0.046016237286706764
20110929,0.08855339734144503
20110930,-0.13180338113526166
20111001,-0.26762670563843255
20111002,0.024956731973867458
20111003,0.2618224058793211
20111004,-0.14874526126035031
20111005,0.0958817717032825
20111006,-0.023122417420854264
20111007,0.2078220966197762
20111008,0.163943093042546
20111009,-0.12664273162933729
20111010,-0.05406722127027582
20111011,-0.012150817782512691
20111012,-0.007361996441069082
20111013,0.05975493050201513
20111014,-0.08469387884926723
20111015,-0.2256719976675684
20111016,0.16851358382761988
20111017,0.11361512250760583
20111018,-0.056456708667657216
20111019,-0.020408871631207123
20111020,-0.05020869558274631
20111021,-0.12083647314327374
20111022,0.10444266336759739
20111023,0.04049136135473699
20111024,0.09579106464167554
20111025,-0.1091068406174477
20111026,0.015957785438610816
20111027,0.013106347505300583
20111028,0.2518929646001956
20111029,-0.2363887780642304
20111030,-0.07726878079081115
20111031,0.1297152561633537
20111101,-0.18671073721271783
20111102,0.20598844263862096
20111103,0.028237170181609986
20111104,-0.12068748149717255
20111105,0.02838900326268611
20111106,-0.0025477720787986644
20111107,-0.03109058707003112
20111108,0.07598590697792205
20111109,-0.10265415406008334
20111110,-0.03576722385863103
20111111,-0.01694955831377332
20111112,-0.05866784808880285
20111113,-0.065546077897871
20111114,0.2218523955505898
20111115,-0.007782140442054963
20111116,0.010362787035546658
20111117,-0.12327489245733356
20111118,0.08652535024859197
20111119,-0.02985296314968116
20111120,-0.13866062067793863
20111121,0.24070987503210886
20111122,0.012361096823573926
20111123,0.0
20111124,-0.04010562545722921
20111125,-0.16056507000492196
20111126,-0.084557388028063
20111127,0.08455738802806297
20111128,0.11878353598996702
20111129,-0.021564177915840525
20111130,0.010840214552864807
20111201,-0.08431958532391831
20111202,0.0870113769896297
20111203,-0.13199647290643893
20111204,-0.1067247723496403
20111205,0.21147160280870372
20111206,0.013717636228799126
20111207,-0.13704085226079804
20111208,0.07232066157962608
20111209,-0.08489944378648627
20111210,-0.01916991610772017
20111211,0.09823843958341326
20111212,0.10536051565782635
20111213,-0.06243547094079234
20111214,0.06768482682693608
20111215,-0.17709961281280295
20111216,0.030771658666753687
20111217,-0.15364575681728831
20111218,0.10075629289691566
20111219,0.12872754031187714
20111220,-0.06979576193554198
20111221,0.20613220548767314
20111222,0.2290086707666078
20111223,-0.11778303565638351
20111224,-0.4423202004973187
20111225,0.1862954479162294
20111226,0.07370319578713459
20111227,0.033638359148829775
20111228,0.14428758617208676
20111229,-0.24880028490757358
20111230,0.05762911283663642
20111231,-0.1431008436406733
20120101,0.021309786586751027
20120102,-0.006042314455962586
20120103,0.20232222350062407
20120104,0.07622736538788431
20120105,-0.15606382370521873
20120106,0.06988612746416649
20120107,-0.10814215861970315
20120108,-0.0721813955115784
20120109,0.14728370005308147
20120110,0.02551158765740851
20120111,-0.16089038520417162
20120112,0.17836898247813138
20120113,0.026863642269548252
20120114,-0.2917062227515064
20120115,-0.009724549891994744
20120116,0.12247703235966209
20120117,0.05875815822207169
20120118,-0.09395240634386451
20120119,0.06080019902696411
20120120,-0.13192754304254806
20120121,-0.059423420470800764
20120122,-0.26304476806639576
20120123,-0.05924283356286074
20120124,0.179971379449001
20120125,-0.06479999322691547
20120126,0.12933851436448673
20120127,0.1112256351102244
20120128,-0.12977904300597218
20120129,0.28768207245178085
20120130,0.1039550340490914
20120131,-0.09556337641284304
20120201,0.07251498097655197
20120202,0.005167970158442598
20120203,-0.039426919979457874
20120204,-0.029934207818044505
20120205,0.09480779345866662
20120206,-0.02802731225465585
20120207,0.04299018493136827
20120208,-0.03270731797578433
20120209,-0.10507638438726874
20120210,-0.02298951822469872
20120211,0.07556040523403672
20120212,-0.024557850781664062
20120213,0.08470669747216275
20120214,-0.07371757589656756
20120215,0.1376213778760477
20120216,-0.1186762916335985
20120217,0.0
20120218,-0.06079219617794977
20120219,0.052716782172404414
20120220,0.050076337980176085
20120221,-0.05821749556387602
20120222,-0.0054644944720787375
20120223,0.0402738991379399
20120224,0.056280835898589565
20120225,-0.11871630683938197
20120226,-0.014104606181541935
20120227,0.1353053863485858
20120228,0.038934357975454685
20120229,-0.0666090801316752
20120301,-0.015424470325631639
20120302,-0.10363488969035654
20120303,0.008583743691391435
20120304,0.04457562458870438
20120305,0.21273534998677776
20120306,-0.02452742799621231
20120307,-0.11215555879065507
20120308,-0.08701137698962981
20120309,-0.027934777331553955
20120310,0.016854331554982182
20120311,0.10814215861970317
20120312,0.06531946612064246
20120313,-0.009411834182346595
20120314,0.01641302964133005
20120315,0.04546237407675741
20120316,-0.09065436826813084
20120317,-0.047331374705772124
20120318,0.005089069507471228
20120319,0.15269930076261143
20120320,-0.006557400546159052
20120321,0.032365284502031716
20120322,-0.061288323971282095
20120323,-0.1248622100597699
20120324,-0.09941064685159128
20120325,-0.014224990931347326
20120326,0.2519509655398272
20120327,-0.017978012295408317
20120328,-0.08269171584511341
20120329,0.052770035980064196
20120330,-0.04052998108556222
20120331,-0.11869586091374307
20120401,0.0
20120402,-0.005494519317640702
20120403,0.2604552597515669
20120404,-0.19385275439314426
20120405,0.26947610795520843
20120406,0.11515491325011395
20120407,0.05793783710621908
20120408,-0.06321489420706292
20120409,-0.15827439701112042
20120410,0.09831093224356312
20120411,-0.013195290418832545
20120412,-0.09133327843560114
20120413,-0.07554831808569706
20120414,-0.1393136123967907
20120415,0.07447609290148283
20120416,0.1751186444998967
20120417,-0.10357718928239863
20120418,-0.01571300566455611
20120419,-0.05582844955294184
20120420,-0.05659566762363445
20120421,-0.18892559400386852
20120422,0.05358424613410626
20120423,0.24323030988094702
20120424,-0.09032263829328573
20120425,0.1391128024627178
20120426,-0.11697167658550423
20120427,-0.057587874872961214
20120428,-0.04480327701583826
20120429,-0.12318845422329143
20120430,0.03593200922606337
20120501,0.03184060585565884
20120502,0.15048095093829597
20120503,0.021819047394639673
20120504,-0.07208088217552802
20120505,-0.023469134540847123
20120506,0.06387867287872366
20120507,0.13198316503549837
20120508,0.07317788372827895
20120509,-0.23531408693446498
20120510,0.11323757328470886
20120511,-0.02071420438756322
20120512,-0.06484864674092511
20120513,-0.07735814230286749
20120514,0.29102767610770314
20120515,-0.04299536326006273
20120516,0.0
20120517,-0.09656619839105114
20120518,0.08605085439152821
20120519,-0.3272129112084162
20120520,0.22490153594510776
20120521,0.07226619683192068
20120522,0.15508395101025677
20120523,-0.08362498702811186
20120524,0.05139470912319856
20120525,-0.14934528855231985
20120526,-0.13641185548987678
20120527,-0.0025673955052458097
20120528,0.28252742186311647
20120529,-0.0891277798960074
20120530,-0.1048898166611385
20120531,0.15246859364427354
20120601,-0.0040485885260002205
20120602,-0.32839138456727435
20120603,0.2677667627508395
20120604,0.04837957085633447
20120605,0.13430111684469426
20120606,0.08760964203888308
20120607,-0.0840254088110678
20120608,-0.1798202154862018
20120609,-0.11805073743819897
20120610,0.03084467535109857
20120611,0.17920142945771092
20120612,-0.09628721945215148
20120613,-0.03278982282299084
20120614,0.045610511252052274
20120615,-0.027988909902232784
20120616,-0.23246634984933415
20120617,0.13628242599641252
20120618,0.09618392385292175
20120619,0.10361226346429686
20120620,-0.21676629153568014
20120621,0.08435912612343843
20120622,-0.10411285485967108
20120623,-0.10785739585641346
20120624,0.1869405026502491
20120625,0.006888660995185316
20120626,-0.01614798640798199
20120627,-0.007001195458983588
20120628,-0.004694844304207729
20120629,-0.09366447589463496
20120630,-0.08349396217775135
20120701,0.07310425832861545
20120702,0.12960725416838825
20120703,-0.09622803209455377
20120704,0.14981227822866008
20120705,-0.008733679968754553
20120706,-0.05406722127027582
20120707,-0.18789260184340997
20120708,0.16209984728168111
20120709,0.12906776372853382
20120710,-0.0470172065167105
20120711,-0.0065861928528567265
20120712,0.01962985604488613
20120713,-0.05322764101106269
20120714,-0.17641647490624035
20120715,0.15104025741286592
20120716,0.03670136685042796
20120717,0.05050469523667258
20120718,-0.03930636992664297
20120719,0.06258784474920165
20120720,-0.09656619839105114
20120721,-0.094158769199283
20120722,-0.041349559818695515
20120723,0.19586183791422213
20120724,-0.017505917513614522
20120725,-0.08280590368423253
20120726,-0.1222895777582742
20120727,0.13420866999548461
20120728,-0.15336110221024077
20120729,0.061599122462013066
20120730,0.1537795534544701
20120731,-0.03859729949814397
20120801,-0.025792754561728838
20120802,0.009456335242035444
20120803,-0.031065819574890487
20120804,-0.16309019486606707
20120805,0.14100340746322365
20120806,0.026929411878631328
20120807,-0.054604134034851856
20120808,0.1599646496926782
20120809,-0.019759149980462333
20120810,-0.043041751258568024
20120811,-0.08953982334298843
20120812,0.017566323717899283
20120813,0.29696719022746043
20120814,-0.12590278795814036
20120815,-0.0830170778131698
20120816,-0.03241024415075449
20120817,0.0769610411361284
20120818,-0.1226970504588125
20120819,0.04338029563022518
20120820,0.132351451484674
20120821,-0.13945207303425025
20120822,0.06883450582029695
20120823,-0.14788799588423204
20120824,-0.08584356183880726
20120825,0.11871630683938197
20120826,-0.002490661312451919
20120827,0.07677630069592058
20120828,0.05394566289171495
20120829,-0.008791265411170658
20120830,-0.07802120556089634
20120831,0.007134394113874111
20120901,-0.06611954913488999
20120902,0.10104743019446819
20120903,-0.013825104991842318
20120904,0.11390856354882495
20120905,-0.08194237148633247
20120906,0.03532376083040826
20120907,-0.010905233482262468
20120908,-0.14107859825990549
20120909,0.11441035117774412
20120910,0.11878353598996702
20120911,-0.11878353598996698
20120912,0.008968669982760316
20120913,-0.05505977718302743
20120914,0.08149303425118301
20120915,-0.2534907077035017
20120916,0.09352605801082355
20120917,0.21700228329212723
20120918,-0.11752639508009992
20120919,-0.028104894320108483
20120920,0.07104934614984978
20120921,0.015368030228313937
20120922,-0.135088782753976
20120923,-0.03812405784173833
20120924,0.18188968462140326
20120925,0.12376463023480809
20120926,-0.11088891587476278
20120927,0.0
20120928,-0.09381875521765486
20120929,-0.16790605489574356
20120930,-0.11432641278847258
20121001,0.07477323440245097
20121002,0.08821142513556722
20121003,0.023469134540847095
20121004,0.04288172748326576
20121005,-0.04546237407675729
20121006,-0.03149866705937105
20121007,0.13685918271719735
20121008,0.14882088706391058
20121009,-0.04299536326006273
20121010,-0.08056585704460993
20121011,-0.018307147444356128
20121012,0.02283204204264569
20121013,-0.02052523594473081
20121014,-0.07908310679383562
20121015,0.19018746363091404
20121016,-0.008281620831721986
20121017,-0.0982250267567268
20121018,-0.018519047767237527
20121019,-0.01649036189941535
20121020,-0.06121862242790085
20121021,0.005037794029957081
20121022,0.049029427240318606
20121023,0.14038583758100492
20121024,-0.13561255882834714
20121025,0.08004270767353636
20121026,-0.08481598642619415
20121027,0.0071514011576250865
20121028,-0.04369627173569847
20121029,0.14310084364067324
20121030,-0.0021528533611010897
20121031,-0.1286173778220936
20121101,0.09352605801082355
20121102,-0.06692231249284748
20121103,-0.12436791428386759
20121104,0.0
20121105,0.21989503735837834
20121106,-0.11480482850041386
20121107,-0.004878058453432855
20121108,0.1766002498103454
20121109,-0.06563201495894247
20121110,-0.09881741706889034
20121111,-0.09097177820572676
20121112,0.16766439899398117
20121113,-0.008988824568433218
20121114,-0.013636574949545508
20121115,-0.09599691440839977
20121116,0.053934639234947276
20121117,-0.09507154479543677
20121118,0.09268205739805525
20121119,0.08261576551659168
20121120,-0.004415018209116831
20121121,-0.10241500542806953
20121122,0.07777770104268424
20121123,-0.11523526357758476
20121124,-0.07940677760441048
20121125,0.08194807503308311
20121126,-0.060148846690498685
20121127,0.12643077107494619
20121128,0.06216039873260373
20121129,-0.0813456394539524
20121130,-0.05986824934258652
20121201,-0.03932354620391441
20121202,-0.01075279177626185
20121203,0.0628479036596637
20121204,0.06152001062420394
20121205,0.053438962155560314
20121206,-0.07271666758146349
20121207,-0.03970744959511269
20121208,-0.10958885176734741
20121209,0.16138834712748887
20121210,-0.05179949536014146
20121211,-0.08448293063627108
20121212,-0.047964059207126555
20121213,0.13497543619675628
20121214,0.024938948347252146
20121215,-0.06618190688130123
20121216,0.028536307264934297
20121217,0.0425596144187959
20121218,0.05018974452385531
20121219,-0.03077165866675366
20121220,-0.06710591664281698
20121221,0.032872745000574764
20121222,-0.09655473503652952
20121223,-0.013793322132335873
20121224,0.01925781660441452
20121225,0.03480940466586115
20121226,-0.026668247082161294
20121227,0.14562018994352663
20121228,0.00930239266231341
20121229,-0.1823215567939546
20121230,-0.06602110109779395
20121231,0.09881092392078476
20130101,-0.03278982282299084
20130102,0.23638877806423034
20130103,-0.16148746989111265
20130104,-0.07490130817311771
20130105,0.13976194237515863
20130106,-0.09362078637730357
20130107,0.09603333278268758
20130108,-0.009685305734463655
20130109,0.06590619857893666
20130110,0.14991131264320007
20130111,-0.10754154160418647
20130112,-0.09859066388348672
20130113,0.040147068013411946
20130114,-0.06948902629742736
20130115,0.038934357975454685
20130116,-0.016847570572611357
20130117,0.21142466720099637
20130118,-0.32436507838159173
20130119,0.0425596144187959
20130120,0.02824321231339494
20130121,0.11468400514401375
20130122,-0.02514418180102529
20130123,0.03189336377595379
20130124,-0.07445297819474966
20130125,0.03091803940331009
20130126,-0.2132395961972648
20130127,0.061817431023210447
20130128,0.21493557089638013
20130129,-0.006615239118719205
20130130,-0.054558984250434366
20130131,-0.04052998108556222
20130201,0.0
20130202,0.014493007302566824
20130203,-0.039124794492232245
20130204,-0.022699587516106692
20130205,-0.0025542798050967423
20130206,-0.06334571193079544
20130207,0.055643491568703234
20130208,-0.12036368224987513
20130209,-0.2954642128938359
20130210,0.07159365318700882
20130211,0.018018505502678212
20130212,0.1793409286558168
20130213,0.0
20130214,-0.030305349495328922
20130215,0.02431730765070643
20130216,0.142500062607283
20130217,0.06307260345507495
20130218,0.11315402807138315
20130219,0.030109801471370382
20130220,0.05161104051107332
20130221,-0.2146285987900596
20130222,0.10186313512565566
20130223,-0.039040549203600255
20130224,-0.08807645324325876
20130225,0.097400530118382
20130226,-0.1312138944841601
20130227,0.17212869212266665
20130228,0.017660503151950314
20130301,-0.056257802650094335
20130302,-0.07446416093754117
20130303,-0.043318874718842354
20130304,0.21687393830061436
20130305,-0.10140840078459344
20130306,-0.03302186830494631
20130307,0.07616136096556395
20130308,-0.03390155167568134
20130309,-0.11950866162385328
20130310,0.08441734181258322
20130311,0.07121262822526432
20130312,0.051847464531962865
20130313,-0.10419160845284446
20130314,0.08934510033584996
20130315,-0.03922071315328127
20130316,-0.13289667346643166
20130317,0.0446724400515926
20130318,0.11670370473670773
20130319,-0.046417172008536
20130320,0.04425500900404078
20130321,-0.006514681021193642
20130322,-0.06294211995679741
20130323,-0.11546553751602097
20130324,0.1014466163366899
20130325,0.13411945497607697
20130326,-0.06152523300628907
20130327,-0.056257802650094335
20130328,0.016073824831061054
20130329,0.006810469002526879
20130330,-0.08742281497115903
20130331,0.07145896398214505
20130401,0.051523153025500826
20130402,0.006528858882463631
20130403,-0.08839272896063677
20130404,0.04856445600912374
20130405,0.04415728404109843
20130406,-0.12645987968207242
20130407,0.11341621649004302
20130408,-0.008791265411170658
20130409,-0.002209945650802844
20130410,-0.0902345868711984
20130411,0.06786228911666543
20130412,-0.12516314295400605
20130413,0.0
20130414,0.14753544070853916
20130415,0.013187004281953681
20130416,-0.03329941406904934
20130417,0.02011240978709547
20130418,0.04963262420241005
20130419,0.18582418734515663
20130420,-0.29940553614784016
20130421,-0.12815503558814215
20130422,0.20529076447036937
20130423,0.059339439786308734
20130424,-0.16518527455096735
20130425,0.12316228477611943
20130426,-0.1909422998378616
20130427,0.19094229983786162
20130428,-0.012959144642505228
20130429,-0.03540192705091595
20130430,-0.1399871929673939
20130501,0.07964406305992552
20130502,0.2106253329568064
20130503,-0.2697558561836289
20130504,-0.04942488332752298
20130505,0.19994315814377417
20130506,0.07566633307373752
20130507,-0.16466459726578483
20130508,0.053438962155560314
20130509,0.04857467014855718
20130510,-0.17117699224088953
20130511,0.09041563559643098
20130512,-0.030844675351098527
20130513,0.06303136184699984
20130514,0.006764400088542063
20130515,-0.03661736323822319
20130516,0.1410785982599056
20130517,-0.05834988306227661
20130518,0.004282661792000949
20130519,-0.017241806434506103
20130520,0.0
20130521,-0.037656719438005054
20130522,0.004504512121104508
20130523,-0.11666007091175962
20130524,0.06595796779179737
20130525,-0.10457280391957705
20130526,0.1325466559619831
20130527,-0.01622283550688726
20130528,-0.004683849312426314
20130529,0.1004187477470474
20130530,-0.08181355991601287
20130531,-0.04959694113937206
20130601,0.03333642026759171
20130602,0.020858230120409788
20130603,0.18384944097200775
20130604,-0.03693325504568232
20130605,0.42701344431436733
20130606,-0.23483959107740107
20130607,-0.05026183478088831
20130608,0.06807607105601529
20130609,-0.13192754304254806
20130610,-0.062343130574135514
20130611,0.05314343367571198
20130612,-0.07084301077511287
20130613,0.2326222952687535
20130614,-0.015848192240023616
20130615,-0.032470385030784046
20130616,-0.1744319695187917
20130617,0.23369670768709655
20130618,-0.0642275275104339
20130619,-0.05628083589858958
20130620,-0.028471674081312
20130621,0.41861532749504293
20130622,-0.3762061455699493
20130623,-0.017452449951226166
20130624,0.09563023101525008
20130625,0.0015987213636970735
20130626,-0.03082158004060027
20130627,0.08219474344300903
20130628,-0.11740374492549459
20130629,-0.05615510282972885
20130630,-0.05376642415566003
20130701,0.1823215567939546
20130702,-0.03554493741941135
20130703,0.016313575491523787
20130704,-0.1823215567939546
20130705,0.07299778608354776
20130706,-0.1517468325158638
20130707,0.15355025951501458
20130708,-0.17049981782878773
20130709,0.1758906664636642
20130710,0.0
20130711,0.017762456339840468
20130712,-0.09795451805741526
20130713,-0.09569860474608943
20130714,0.1704998178287878
20130715,0.06453852113757116
20130716,-0.015319448533513344
20130717,0.010238997301094286
20130718,-0.04692433375789562
20130719,0.078673032072476
20130720,-0.17380529176246254
20130721,0.019380451549662593
20130722,0.13112927760927792
20130723,0.05406722127027579
20130724,-0.0031948908965191767
20130725,-0.04583453634379936
20130726,0.013311344638239287
20130727,-0.07729167430164652
20130728,0.007117467768863955
20130729,0.1295340521919023
20130730,-0.051129346522604244
20130731,-0.06431996578755904
20130801,0.06103589058636909
20130802,-0.07334915081972608
20130803,-0.06018224180479651
20130804,0.0130720815673527
20130805,-0.041672696400568074
20130806,0.5498975384665014
20130807,-0.349051018828073
20130808,-0.1950605825713843
20130809,-0.027292142288007512
20130810,0.07608230645743949
20130811,-0.05264373348542203
20130812,0.026668247082161273
20130813,0.0
20130814,0.033274788884872133
20130815,-0.02205971806473222
20130816,0.05953064949422573
20130817,-0.048439962800067585
20130818,0.030771658666753687
20130819,0.085376053648899
20130820,0.003267976764616013
20130821,0.1212210196814581
20130822,0.014347448408141575
20130823,0.018349138668196617
20130824,-0.188775907810002
20130825,-0.0016906174779074388
20130826,0.0462892552784979
20130827,0.5246233719402721
20130828,-0.5038392504780108
20130829,-0.04531519621204249
20130830,0.0
20130831,-0.09547575642528427
20130901,0.044530954810035765
20130902,0.06410288619275957
20130903,0.006514681021193672
20130904,0.08849836611120797
20130905,-0.12318392409909808
20130906,-0.0535071540475709
20130907,-0.005333345975362617
20130908,0.03158157205029884
20130909,0.06031979023352262
20130910,0.033576295533604306
20130911,-0.07338254593402399
20130912,-0.020513539833102903
20130913,-0.08654045633105636
20130914,0.40984970642598845
20130915,-0.34955747616986843
20130916,0.23161817830518203
20130917,-0.16641498449441983
20130918,-0.004995847193371666
20130919,-0.2049461922623022
20130920,0.2066142493629992
20130921,0.11034805716886541
20130922,-0.05050805681284841
20130923,-0.01901800583576186
20130924,0.02839307450121783
20130925,-0.006240269860084623
20130926,0.02167267489889635
20130927,-0.018547672355761
20130928,-0.0846032732690833
20130929,0.00845313571105819
20130930,-0.05359969122295459
20131001,-0.07369816407476751
20131002,0.1188447195866638
20131003,0.17122455858222355
20131004,-0.018773114507925
20131005,0.04698372999516153
20131006,-0.08108636753518424
20131007,0.04425500900404078
20131008,0.06831924397747723
20131009,-0.11862570866487324
20131010,0.06320986952330383
20131011,-0.10346298188163491
20131012,0.061274907500551534
20131013,-0.19638732812239304
20131014,0.2023132713899402
20131015,-0.0911828154545842
20131016,-0.031226859342241446
20131017,-0.03568772944307185
20131018,-0.04602582239528218
20131019,-0.07522342123758752
20131020,0.009718249468921346
20131021,-0.0058196090532640415
20131022,0.07313473606716965
20131023,0.10300693441387664
20131024,-0.0815392047897705
20131025,-0.04525659158812083
20131026,0.025595547188963723
20131027,0.019661044399157192
20131028,0.4107607956828748
20131029,0.33915140768126134
20131030,-0.5313810426999122
20131031,-0.11920652344123721
20131101,-0.16327336182326016
20131102,0.1838926490259959
20131103,-0.030281198114472548
20131104,-0.08436703873653946
20131105,-0.008841790581461012
20131106,0.010600805986640548
20131107,0.01222722656956034
20131108,0.08004270767353636
20131109,-0.2855475999231483
20131110,0.12979307051391553
20131111,-0.0819171224678867
20131112,0.10779657045570738
20131113,-0.08171685767265575
20131114,-0.05285783186444464
20131115,-0.00628274317949518
20131116,-0.0969922659873097
20131117,0.08430710645999401
20131118,0.02728395894846851
20131119,0.05635293655113178
20131120,-0.06466899279278919
20131121,-0.1009628694084254
20131122,0.07559152966640746
20131123,-0.06411034729245121
20131124,0.0
20131125,0.10604521270614373
20131126,0.2103308114526178
20131127,-0.12383291329326876
20131128,-0.13703496715570476
20131129,0.0213683344056988
20131130,-0.08835766048944307
20131201,0.1714855374526752
20131202,0.030653741091002305
20131203,-0.10956220251152628
20131204,-0.08338160893905101
20131205,0.13267290065592852
20131206,0.011952333523841173
20131207,-0.16077322058775173
20131208,0.17258438151609629
20131209,0.02702867238791942
20131210,-0.06288908854893367
20131211,-0.039301852347613596
20131212,0.0771173033444312
20131213,-0.14475485499437216
20131214,-0.04148060112071876
20131215,0.1112256351102244
20131216,0.049291291716877524
20131217,-0.07272154352526336
20131218,0.07472354619593657
20131219,-0.10536051565782628
20131220,-0.052463569535740884
20131221,0.007001195458983561
20131222,0.025259666759237975
20131223,0.02905232259450195
20131224,-0.09950398354511333
20131225,0.09287412500644383
20131226,0.0348619181662189
20131227,-0.017279047608352176
20131228,-0.04911701496495498
20131229,0.018141087070650003
20131230,0.09224112368690701
20131231,-0.17904823144898543
20140101,-0.02985296314968116
20140102,0.2451224580329849
20140103,-0.0260274952447754
20140104,-0.04565108002627233
20140105,0.03750439545845427
20140106,0.10474683045906344
20140107,-0.14864102401628868
20140108,-0.008583743691391442
20140109,-0.05083967677940922
20140110,0.033447934067540125
20140111,-0.01102547001170771
20140112,0.13463942597888431
20140113,-0.12142337458735801
20140114,0.17426585596173794
20140115,-0.1356344428213014
20140116,-0.006335818449085783
20140117,-0.07020425867324857
20140118,-0.058496206681608494
20140119,0.20613220548767314
20140120,0.16251892949777494
20140121,-0.11840823105030186
20140122,0.005612736904957385
20140123,-0.022642476749759777
20140124,-0.08354757027044182
20140125,-0.027341345604320957
20140126,-0.059292886368581245
20140127,0.11324788049099219
20140128,-0.04757877698313489
20140129,-0.15309191847901618
20140130,-0.35491282894533305
20140131,0.08112554481236853
20140201,0.13353139262452257
20140202,0.039002157803269176
20140203,0.19768561861869782
20140204,-0.03189336377595373
20140205,-0.02105340919783238
20140206,0.12432841836463723
20140207,0.038899479613737596
20140208,0.019881370553828995
20140209,0.11515491325011395
20140210,-0.07654007712233438
20140211,0.0037807228399061523
20140212,0.0
20140213,-0.06630107982124002
20140214,-0.18070995289961306
20140215,-0.002418380864281638
20140216,0.11427946112520125
20140217,0.16854823286178153
20140218,0.4656602688915866
20140219,-0.5493592877682337
20140220,-0.01600034134644119
20140221,0.05872528601278243
20140222,-0.09569048024625389
20140223,0.012474174225175818
20140224,0.12419038023138383
20140225,-0.12419038023138379
20140226,0.022472855852058576
20140227,-0.08206495305430417
20140228,-0.00881062968215492
20140301,0.12659366533853839
20140302,-0.11778303565638351
20140303,0.07598590697792205
20140304,0.07628330474963078
20140305,-0.017094433359300068
20140306,0.18487257858555992
20140307,-0.156542071959334
20140308,-0.1812048620938795
20140309,0.12961749330338634
20140310,-0.060624621816434854
20140311,0.11407245625984781
20140312,-0.0074627212015896
20140313,-0.003752349618550464
20140314,-0.10285738543970782
20140315,-0.04038806090528806
20140316,0.08520207669508065
20140317,0.09313468946118521
20140318,-0.05790599757744141
20140319,0.07767303831821798
20140320,0.05537746946895389
20140321,-0.022128562510733654
20140322,-0.15214466110039251
20140323,0.017875351826963135
20140324,0.0739673548434994
20140325,0.03591050130577081
20140326,-0.10594857800938066
20140327,0.05900855312811007
20140328,0.003690041087453963
20140329,-0.11090069603344162
20140330,0.13095606284679007
20140331,-0.13922057269668345
20140401,-0.012526259819180256
20140402,0.18721154208814636
20140403,-0.11821867060119493
20140404,-0.04000533461369913
20140405,-0.024794658613216277
20140406,0.10891069167438866
20140407,0.17981685917894535
20140408,-0.14479023706769462
20140409,0.030332387849235636
20140410,-0.06535900996048637
20140411,0.024097551579060524
20140412,-0.018484814674103102
20140413,0.036634133179780384
20140414,0.12970212789359384
20140415,-0.13511242062184145
20140416,0.0018066852249490513
20140417,0.0018034269991507267
20140418,-0.07674484829126943
20140419,0.03442022388647937
20140420,0.022305757514298186
20140421,0.01821543989134112
20140422,0.026715747379047056
20140423,-0.05046115527984937
20140424,0.04340645229995932
20140425,1.065625789671803
20140426,0.1999498148475742
20140427,-0.1465246481739936
20140428,-0.15405434535389256
20140429,-0.21008022704277923
20140430,-0.20521047256464245
20140501,-0.18211728756640339
20140502,0.0755075525081451
20140503,0.1593320385692558
20140504,0.03802739558923932
20140505,-0.12821505899728983
20140506,-0.15822400521489416
20140507,0.10598144085629199
20140508,-0.0033575856948460455
20140509,-0.05887447260706132
20140510,0.05212529063213294
20140511,-0.054506244137874756
20140512,-0.08972390509995004
20140513,-0.007853443505570398
20140514,0.020806992505961557
20140515,0.053863989890651394
20140516,-0.015980671988350015
20140517,-0.08937984366947636
20140518,-0.040088298068345046
20140519,0.15273924698885052
20140520,-0.15132980348561698
20140521,0.06541841560701046
20140522,-0.11449030959940754
20140523,0.01759576189037966
20140524,0.004350985834326132
20140525,0.02147541372557218
20140526,0.04432858710723034
20140527,-0.02608246687942578
20140528,-0.028210615487236475
20140529,-0.08818256588009273
20140530,-0.0015637219761827587
20140531,-0.19650619178591108
20140601,0.12010837229238185
20140602,0.27193371548364176
20140603,-0.0789707813194233
20140604,-0.021112677237559295
20140605,-0.007137789048292406
20140606,-0.10249928337679413
20140607,0.029712897318511518
20140608,0.01680711831638119
20140609,-0.0015163005179639638
20140610,0.013564639034138492
20140611,0.0496452304891653
20140612,-0.03478611608541554
20140613,-0.12221763272424915
20140614,-0.03562717764315116
20140615,0.012017312004017268
20140616,0.05316866788067808
20140617,0.0474022388945839
20140618,0.04230237969068937
20140619,-0.03922071315328127
20140620,0.05098555473286774
20140621,-0.10308889371716266
20140622,0.01926223279505271
20140623,0.017336919653276942
20140624,0.07232066157962608
20140625,0.007241161256559474
20140626,-0.13085511722373624
20140627,0.03871451218069043
20140628,-0.07898841131863032
20140629,0.09934933396754536
20140630,-0.014051753455650302
20140701,0.08871328222467002
20140702,-0.021819047394639725
20140703,-0.14366661451856563
20140704,0.018503471564559726
20140705,-0.06899287148695143
20140706,0.1823215567939546
20140707,-0.0014892035514677455
20140708,0.04942866584058678
20140709,-0.13495083927874882
20140710,0.12353844722700416
20140711,-0.13168845158892858
20140712,0.01944955961585788
20140713,0.0682435271281705
20140714,-0.02889934956334905
20140715,0.03785463329245317
20140716,-0.017991489793041566
20140717,-0.04328341770751007
20140718,0.0
20140719,-0.05187548760896865
20140720,0.04553632216523291
20140721,0.07648987085825555
20140722,-0.054476403321076776
20140723,0.02457881026488777
20140724,0.012066511413116486
20140725,0.23891064873643064
20140726,-0.2404110241116652
20140727,-0.018182319083190474
20140728,0.15021108182317805
20140729,-0.034809404665861174
20140730,-0.004095568864737082
20140731,-0.05482750413210889
20140801,0.020029281875572583
20140802,-0.05982819683738791
20140803,-0.12306009275722725
20140804,0.1899454819046139
20140805,0.06664600347713578
20140806,-0.023969190112996277
20140807,-0.09760391352265266
20140808,0.04218807438108338
20140809,0.11556468583206808
20140810,-0.045432862057985544
20140811,0.03906746819090949
20140812,0.005095552426600095
20140813,0.021371020761563133
20140814,-0.02519024882855852
20140815,0.02643325706815543
20140816,-0.08149303425118291
20140817,0.12524241680556764
20140818,-0.02528731971464922
20140819,0.038282186571016966
20140820,-0.11163997114266942
20140821,0.14397535178560597
20140822,-0.12191086160150387
20140823,0.06341465491989538
20140824,-0.07373732722731409
20140825,0.16245407655180716
20140826,-0.06021125632656673
20140827,-0.06282258592205532
20140828,0.030696087157176713
20140829,-0.0910869457746666
20140830,0.08380536020340357
20140831,-0.1120140808379126
20140901,0.03085422482293316
20140902,0.035045766912959096
20140903,0.07729167430164649
20140904,-0.03483835804930732
20140905,-0.1303927675545229
20140906,0.011080445776571959
20140907,0.150602479771161
20140908,-0.13556460240662047
20140909,0.08202383547859064
20140910,-0.0779615414697118
20140911,0.016086137751624444
20140912,-0.0013306721857050613
20140913,-0.049123109070127076
20140914,0.038413502023751475
20140915,0.12508396952456746
20140916,-0.18612927200851648
20140917,0.0690882412834092
20140918,0.013262793878410386
20140919,-0.12323264042394809
20140920,-0.07904965893254454
20140921,0.06554607789787087
20140922,0.037068736285341096
20140923,0.11923758136737775
20140924,-0.07232066157962613
20140925,0.0368139731227164
20140926,-0.05786738232054869
20140927,0.09852872136612298
20140928,0.05622967649867828
20140929,-0.13648663162884567
20140930,-0.07367952313260051
20141001,0.052566845895041264
20141002,0.018323275149980733
20141003,0.041045433243115166
20141004,-0.12856481125967179
20141005,0.20963812811440258
20141006,-0.025032596212617407
20141007,0.11707866146370527
20141008,0.05377049416801249
20141009,-0.11179140598811668
20141010,-0.05022488464509229
20141011,0.017435061822101347
20141012,-0.00743497848751809
20141013,-0.05365271349232014
20141014,0.06724155755421639
20141015,-0.11563809841606666
20141016,0.1254061858522737
20141017,-0.10495557538098292
20141018,-0.05978152253371441
20141019,0.12507886500528145
20141020,0.08711672331577408
20141021,-0.06338044341694352
20141022,0.019560525854493572
20141023,0.013229296968497282
20141024,-0.0011954574047737456
20141025,-0.08875277925816576
20141026,0.09827666076942135
20141027,0.0199420098317737
20141028,-0.08101104318059511
20141029,-0.037207627420599916
20141030,-0.05923669654158678
20141031,-0.051220299022723764
20141101,-0.04784170898579426
20141102,-0.02010895292271351
20141103,0.09956248954285525
20141104,-0.07945353662014167
20141105,0.1018320928823337
20141106,-0.01814425212340363
20141107,0.031880731851290346
20141108,-0.16259918309919838
20141109,0.1377360239065545
20141110,0.07150719045366451
20141111,0.009073296205674755
20141112,-0.0904189356596272
20141113,-0.0641619442172859
20141114,0.06979576193554192
20141115,0.09887888101723086
20141116,-0.09327662546856089
20141117,0.07010956618702653
20141118,-0.03849181219947036
20141119,0.11371523343705799
20141120,-0.16936241215144945
20141121,0.033758479924954454
20141122,0.01917867003057185
20141123,0.06691019766854255
20141124,0.04102501959454903
20141125,-0.21374811926656573
20141126,0.11660922819369701
20141127,-0.08250659065367431
20141128,0.09451474028207087
20141129,-0.06861401184991366
20141130,-0.055488685617653244
20141201,0.12277555725950444
20141202,-0.07727981703936974
20141203,0.05715841383994862
20141204,-0.20368637929165145
20141205,0.12623741426196908
20141206,0.03736066696133749
20141207,-0.1070858709599641
20141208,0.06385147198653277
20141209,0.004408530284765956
20141210,0.11876007530421016
20141211,0.06307260345507495
20141212,-0.056583288015325035
20141213,-0.1400207080642724
20141214,-0.01197619104671565
20141215,0.14420465189082227
20141216,0.0039037134804733704
20141217,-0.09388262781313941
20141218,-0.008596041469797908
20141219,-0.07311234178219027
20141220,-0.018750549345375917
20141221,0.047738086218628135
20141222,-0.007547205635382966
20141223,0.06879083087610159
20141224,-0.14757170872921577
20141225,0.08783071337303218
20141226,-0.07157019250125189
20141227,-0.07709008171957085
20141228,0.14112444353211984
20141229,0.09929069429075045
20141230,0.018996500690655085
20141231,-0.25941163851352544
20150101,0.14715764433628764
20150102,0.05699131550218817
20150103,0.04173067245647328
20150104,0.11323136644166433
20150105,-0.01841672678623115
20150106,-0.028914647919541007
20150107,-0.035045766912959124
20150108,-0.04457186105173238
20150109,-0.08500435172986227
20150110,0.010471299867295437
20150111,0.09909090264423097
20150112,-0.016304709024943582
20150113,0.06753061569724925
20150114,-0.13848235166953357
20150115,0.07505290371649906
20150116,-0.05467374137984698
20150117,-0.010137668284455116
20150118,0.02444406393569308
20150119,0.08178943300847807
20150120,-0.033269868218318684
20150121,0.044981127639220166
20150122,-0.09634564456161085
20150123,-0.02743854445502111
20150124,0.020290551189733767
20150125,0.06256383240685646
20150126,-0.049734005674138326
20150127,-0.011396134730869582
20150128,-0.018800264500147146
20150129,-0.06951438388469044
20150130,0.0015637219761827589
20150131,0.06062462181643484
20150201,-0.03745756253490044
20150202,0.13543797089510412
20150203,0.01980262729617973
20150204,-0.060624621816434854
20150205,0.005540180375615351
20150206,-0.03228350535112622
20150207,-0.12601942957689938
20150208,0.03965626677992853
20150209,0.11171663348342728
20150210,-0.005578815027038998
20150211,-0.026932882359587972
20150212,-0.013015368112070361
20150213,-0.09138775158942862
20150214,-0.04068909532409968
20150215,0.17202509738518657
20150216,-0.17202509738518668
20150217,-0.10683816646233958
20150218,-0.3799162732082114
20150219,0.19574457712609533
20150220,0.2151113796169455
20150221,-0.08994823666293952
20150222,0.1691634722164435
20150223,-0.07742472477971578
20150224,0.11160217658130243
20150225,0.16347846899247473
20150226,-0.07327220110632575
20150227,0.05545130453621429
20150228,0.13560393222649494
20150301,0.019139340210697506
20150302,-0.011919092237210311
20150303,-0.051672010544320926
20150304,0.06121862242790089
20150305,-0.1551408769573777
20150306,-0.06444606124198496
20150307,0.07273340149055538
20150308,-0.03927573529970909
20150309,0.07839063394572283
20150310,-0.07126302002149065
20150311,-0.02444406393569308
20150312,0.07566633307373752
20150313,-0.023209232910370515
20150314,-0.01811896258247553
20150315,0.0070077371574048
20150316,0.026190332252191074
20150317,-0.04736261217824655
20150318,-0.014368063266920146
20150319,-0.004350985834326257
20150320,-0.013167710374647557
20150321,0.0
20150322,0.07788790105581939
20150323,0.13608263135843257
20150324,-0.09602387080642759
20150325,-0.06349194856690016
20150326,0.00833338155914424
20150327,-0.0309013351241746
20150328,-0.03483661412231512
20150329,0.03483661412231513
20150330,0.03641859049892935
20150331,-0.09215148734765682
20150401,0.028254667657599493
20150402,0.3250965083020387
20150403,-0.30334075538497685
20150404,0.025497131933483817
20150405,0.019391189314650583
20150406,-0.01103459472370906
20150407,0.12009197226286146
20150408,-0.13405867974456967
20150409,0.2813328447731222
20150410,-0.15468160630641423
20150411,-0.10991444611118412
20150412,0.08608886769911435
20150413,0.0012682309879951483
20150414,-0.023077947282544725
20150415,0.025609594204324293
20150416,-0.07071007557831728
20150417,0.055423153681411624
20150418,-0.02864779243329952
20150419,-0.03221755155079728
20150420,0.09245356729231483
20150421,-0.0315882233082181
20150422,-0.018135212044212395
20150423,-0.04273013193988431
20150424,0.014895332946440333
20150425,0.013351333174864196
20150426,-0.05731445659598031
20150427,0.08993313445877248
20150428,0.09892134337680508
20150429,-0.0811091676127054
20150430,-0.07323532944551138
20150501,-0.0717102644634514
20150502,0.08919557880447093
20150503,0.06828150741640554
20150504,-0.056352936551131744
20150505,-0.002638523958181172
20150506,0.052745344012359995
20150507,0.1584379318388782
20150508,0.4832840369136299
20150509,-0.4465344947048885
20150510,-0.08270949062092951
20150511,0.09296599078811865
20150512,-0.06317890162153156
20150513,-0.007637789448117538
20150514,-0.11354776735410574
20150515,0.08803334948532274
20150516,-0.00563381771825602
20150517,0.15946341871790437
20150518,-0.042308326567241226
20150519,-0.11377099416642265
20150520,0.022272635609123223
20150521,0.03569876098408634
20150522,0.07668548855304749
20150523,-0.018877858176588838
20150524,-0.027454698464409826
20150525,0.02242703578744421
20150526,0.050133347715899744
20150527,-0.07980304320264694
20150528,0.045670036833188266
20150529,-0.08484921398513459
20150530,-0.017429635135283648
20150531,0.05348868495098622
20150601,0.10567296683987154
20150602,-0.07490130817311771
20150603,0.1062691935940443
20150604,0.017109827566460185
20150605,-0.07122750928836775
20150606,0.017110683613210727
20150607,0.05590094746865857
20150608,0.03846628082779614
20150609,-0.01730146963575278
20150610,-0.05285601015347538
20150611,0.10471633397632199
20150612,-0.03455885418709383
20150613,-0.05917841250681627
20150614,0.08039261495167878
20150615,0.06579717454476726
20150616,-0.05743592182008393
20150617,-0.022737821691941818
20150618,-0.025885828448298568
20150619,-0.0953101798043249
20150620,-0.08421807908401711
20150621,0.1882315340166436
20150622,0.04821229648504741
20150623,-0.030178316974832867
20150624,0.043304018132652035
20150625,-0.13878442519077128
20150626,-0.06778974320867623
20150627,0.021804629966852705
20150628,0.015564516541111548
20150629,0.1667570402528431
20150630,-0.05629373587859485
20150701,-0.049611590470996655
20150702,-0.027626066274931152
20150703,0.043842637864176526
20150704,-0.046647688791785116
20150705,-0.00751883241402734
20150706,0.08496525996193213
20150707,-0.027230492329601685
20150708,0.01765270905636757
20150709,-0.0539214167938201
20150710,-0.05211980098588015
20150711,0.025925599895056363
20150712,0.1043173176875505
20150713,-0.06619089608975649
20150714,-0.00548949228477148
20150715,-0.012927234501459604
20150716,0.044532573916790684
20150717,-0.01522644733129135
20150718,0.03546470957228268
20150719,-0.01403531811638348
20150720,-0.0017683470567420034
20150721,0.012313260233356887
20150722,-0.04286370443178239
20150723,0.027892046531815384
20150724,-0.12055973539122275
20150725,0.01588911282733427
20150726,-0.05362944081018124
20150727,0.18457127652797004
20150728,-0.05690423901713803
20150729,-0.001831502343467731
20150730,0.10847207669304144
20150731,-0.1232461219643491
20150801,0.03203935374461666
20150802,-0.04514815569239668
20150803,0.09179101390468133
20150804,0.026306141433883014
20150805,0.006677821142605448
20150806,0.14243506465469571
20150807,-0.030027887713909077
20150808,-0.14195765974938354
20150809,0.025382073271417196
20150810,0.0748237917977447
20150811,-0.024324463311370653
20150812,0.05410902466889814
20150813,-0.04148060112071876
20150814,-0.09108382930114337
20150815,0.026283836074227816
20150816,0.09035306765153302
20150817,0.034563921455076335
20150818,-0.012634876370277114
20150819,0.034549559075671615
20150820,-0.17139876926717723
20150821,0.07753263303508595
20150822,0.04424470179775742
20150823,-0.05622089284447299
20150824,0.011182225145539227
20150825,0.03665127579202919
20150826,0.0038211739273234352
20150827,-0.013825104991842318
20150828,0.015349495530938798
20150829,-0.07428374482152462
20150830,0.011419373683072732
20150831,0.08768700704032888
20150901,-0.06127490750055163
20150902,-0.09003187551044495
20150903,0.008605905092879515
20150904,0.03866027665749423
20150905,0.0490649271880586
20150906,0.07045700059184098
20150907,-0.041065867219915245
20150908,-0.09424367555148698
20150909,0.14114471614812418
20150910,-0.004373184812222763
20150911,0.02167714937703219
20150912,-0.11181446419856998
20150913,0.03611067384953281
20150914,0.029626169780147142
20150915,-0.054607952934970415
20150916,0.007874056430905866
20150917,0.2320449921463852
20150918,-0.11591910221832069
20150919,-0.053059039401949504
20150920,-0.16191268516274754
20150921,0.0949165564967431
20150922,0.017948199319220447
20150923,-0.03782956987304949
20150924,0.006405145997260215
20150925,-0.07024779150789598
20150926,0.011915034577871244
20150927,-0.1023569466642902
20150928,0.1356378884297873
20150929,0.057249335329305207
20150930,-0.11363785210495196
20151001,-0.15819926835325848
20151002,0.0160969270421748
20151003,0.05721385696917292
20151004,0.08228770264185337
20151005,0.06551460711062657
20151006,0.0209178986616809
20151007,0.0023856870162031526
20151008,-0.014400248839740013
20151009,-0.13525960320501562
20151010,-0.014870162479451393
20151011,-0.07684868789742805
20151012,0.07965373882503674
20151013,0.09267535613051066
20151014,-0.01976858532242284
20151015,-0.05807795413462716
20151016,-0.02420974850722627
20151017,0.0214460433856083
20151018,-0.015806930697838107
20151019,0.05736666040463282
20151020,-0.061122533364438375
20151021,-0.0373785727424948
20151022,-0.07606300698952523
20151023,0.021887272887500593
20151024,0.0010303967938964016
20151025,-0.0082730564931994
20151026,0.14655627209609354
20151027,-0.15594601244593254
20151028,0.15145162285809327
20151029,-0.1307039906638447
20151030,0.04024688050859332
20151031,-0.1508687602421489
20151101,0.14592559644462927
20151102,-0.009960241705055424
20151103,0.08073546835243718
20151104,-0.04051425486557222
20151105,-0.061466322100601024
20151106,0.007131971137271652
20151107,0.1012913340511005
20151108,0.1385645764368544
20151109,0.3585900418748319
20151110,-0.3019198551145532
20151111,-0.08996599486723034
20151112,-0.036153580164919895
20151113,-0.13060027181566378
20151114,0.0077745775471300006
20151115,0.04819071287995301
20151116,0.021898685307637524
20151117,0.03109979648758154
20151118,-0.041077203519580364
20151119,-0.08958367231329477
20151120,0.04769760533571974
20151121,-0.07396174125487245
20151122,0.057670053656686655
20151123,0.015340665177481614
20151124,-0.05777426359207835
20151125,-0.04220904473948254
20151126,-0.06966908023581084
20151127,0.12688591040898273
20151128,0.004952957128848617
20151129,0.003944778291016325
20151130,-0.018877858176588838
20151201,0.014933079885572525
20151202,-0.03009254149294502
20151203,0.02215599189720864
20151204,-0.039619198912688544
20151205,0.01542447032563173
20151206,0.13620638307382565
20151207,-0.0796717465089159
20151208,-0.05551474866416428
20151209,0.030122759455108297
20151210,0.06971796297912011
20151211,-0.05987536383492601
20151212,0.07452764062179631
20151213,-0.0370412716803491
20151214,0.0788809300232578
20151215,-0.06204236566042818
20151216,-0.10247866928293738
20151217,-0.028141513134126772
20151218,0.031220017361214127
20151219,-0.02700060181850597
20151220,0.06913321251588145
20151221,0.06558169001074135
20151222,-0.18103443700607286
20151223,0.06715362138229199
20151224,-0.0760130370258082
20151225,0.019824437784844565
20151226,-0.02988600953027928
20151227,0.05784481990727192
20151228,0.14761520554308102
20151229,-0.1297482037146567
20151230,0.054724899689246466
20151231,-0.08325298330378461
20160101,-0.205086767566967
20160102,0.2511682187624059
20160103,0.05088379397232771
20160104,0.1513674884954667
20160105,-0.04532627071576642
20160106,0.09028684667210053
20160107,-0.15162256990514802
20160108,-0.03888588549338871
20160109,0.13799433954129353
20160110,-0.07158378065781487
20160111,0.11607217125275403
20160112,-0.06835994186485554
20160113,-0.022688582311745437
20160114,0.03554773936003535
20160115,-0.0034129725962399574
20160116,0.04756841691910968
20160117,-0.0744214812637293
20160118,0.06623812954034503
20160119,-0.040240131515458764
20160120,0.011059236493975104
20160121,0.07416840059136301
20160122,-0.15979633258284665
20160123,0.001841621146649554
20160124,0.03702454493679483
20160125,0.05434713729729599
20160126,-0.005894753911349112
20160127,0.051039883903447505
20160128,-0.07151841524698817
20160129,0.06184092036492286
20160130,-0.06097922276744163
20160131,-0.08818660335594354
20160201,0.09932162204609389
20160202,-0.0899582577573433
20160203,0.03480204700893155
20160204,-0.05361727750565452
20160205,0.0197467629348345
20160206,-0.1536852388135032
20160207,-0.36243057933463685
20160208,0.06053284922884228
20160209,0.11369572513494468
20160210,0.09376006919762604
20160211,0.11804818215137454
20160212,-0.048896214331257876
20160213,0.19100681881900988
20160214,-0.03272849382355425
20160215,-0.05169361464910167
20160216,0.042142443664758736
20160217,0.1192747780747295
20160218,-0.057860133080812684
20160219,-0.0018066852249490357
20160220,-0.07996736391761454
20160221,0.022276950277918494
20160222,-0.062242308877220896
20160223,0.03308572458576548
20160224,-0.07684270494286562
20160225,0.08077971790220516
20160226,0.22667365892207114
20160227,-0.16755253591427396
20160228,-0.04255961441879589
20160229,0.07355571478775991
20160301,-0.09998897185591535
20160302,0.06621122852507462
20160303,-0.08120401311121601
20160304,0.08491115359403575
20160305,-0.016791439297260388
20160306,-0.016121733717079756
20160307,0.01893996010092169
20160308,0.044043815761439425
20160309,-0.017202778236628097
20160310,-0.09777897820542855
20160311,0.004020105916665631
20160312,0.012954839873466732
20160313,0.19462183487560628
20160314,-0.1663134536116841
20160315,0.01622947316697944
20160316,0.018762276455523034
20160317,-0.08229120639174174
20160318,-0.026586432991002117
20160319,-0.03265166311014336
20160320,0.033687395983675414
20160321,0.12168615162055282
20160322,-0.021306966312930692
20160323,0.12565872403295206
20160324,-0.07188722951331591
20160325,-0.08806056799826828
20160326,-0.03651120888291522
20160327,-0.002012073113420231
20160328,0.10867826866346422
20160329,0.05620443088908048
20160330,-0.07812311659672674
20160331,-0.021466059894877803
20160401,-0.02677024106460478
20160402,-0.05784264239897293
20160403,0.2103308114526178
20160404,-0.05823563080745545
20160405,0.007029905928258146
20160406,-0.007912129187949172
20160407,-0.08661026992877893
20160408,0.035920686057161255
20160409,0.060351494783354734
20160410,-0.051109284818533725
20160411,0.02543279677300972
20160412,0.107868578599205
20160413,-0.05545483591516476
20160414,-0.19689532523927344
20160415,-0.0697333380146752
20160416,-0.032752786471807994
20160417,-0.06522762188839579
20160418,0.1446519276693504
20160419,-0.057844819907271985
20160420,-0.007896262122225505
20160421,-0.006818208231776984
20160422,0.13822390034637919
20160423,0.09105812653494016
20160424,0.029479580027594238
20160425,0.056473515814056206
20160426,0.05424235261923473
20160427,-0.10895685302811148
20160428,-0.0486144326866847
20160429,-0.03951595968627932
20160430,-0.08509383086035802
20160501,0.03289094016975795
20160502,0.1568913955709645
20160503,-0.025384295135672343
20160504,-0.024227295335324237
20160505,-0.007292648546141398
20160506,0.03505977058658969
20160507,-0.07996909436421686
20160508,0.035718082602079246
20160509,0.14100569867904594
20160510,-0.09146833099376027
20160511,-0.09005162255085793
20160512,0.11092194527643821
20160513,-0.04398246260132886
20160514,0.03360174654676807
20160515,0.07130902770478184
20160516,-0.015504186535965199
20160517,-0.11030693959315181
20160518,0.058840500022933395
20160519,0.03905419912408957
20160520,-0.09514366577513324
20160521,0.08341823830481761
20160522,-0.0025305791657170467
20160523,0.11552824326929435
20160524,-0.057291207147361016
20160525,0.0189429500129585
20160526,-0.03662829841449844
20160527,-0.009780029053639606
20160528,-0.019851768552731585
20160529,0.012453461071286557
20160530,0.04831857727080773
20160531,-0.010272709855720256
20160601,-0.16546678274259377
20160602,0.17809520629077324
20160603,-0.03268525312719335
20160604,-0.08627494570220494
20160605,0.07650288096841229
20160606,0.02982889431280645
20160607,-0.062264170065960425
20160608,-0.020496020638635013
20160609,-0.08646246499780373
20160610,0.08732490575846241
20160611,0.0068728792877620504
20160612,0.011915034577871244
20160613,-0.0810302227428541
20160614,-0.011998298066800793
20160615,0.10480325735418844
20160616,-0.059423420470800764
20160617,-0.03890133204018479
20160618,0.06517254519408498
20160619,-0.036976043299457445
20160620,-0.02359456096125871
20160621,-0.013869847864150502
20160622,0.010189990905749945
20160623,-0.08659252881596713
20160624,-0.010101095986503933
20160625,-0.018443145718794587
20160626,0.045485354394116585
20160627,0.023438572972017596
20160628,0.0
20160629,0.014374948057522784
20160630,-0.12662313623077176
20160701,0.050537068996355794
20160702,0.030335996609139472
20160703,0.057103078090273374
20160704,0.02232650877926158
20160705,0.02543279677300972
20160706,-0.07059569279499169
20160707,-0.12599762642509713
20160708,0.00977737283829492
20160709,-0.022964377120248687
20160710,0.10192541892304406
20160711,0.0019960086467148783
20160712,-0.07234558711459173
20160713,-0.037122166375723596
20160714,0.046722240104742775
20160715,0.07463861689952474
20160716,-0.06828938922086596
20160717,0.05539877938978838
20160718,0.04297536298005815
20160719,0.05758322268236083
20160720,-0.15701277412115083
20160721,0.04944364397251449
20160722,-0.052616571013092105
20160723,-0.0010598835120432463
20160724,-0.03233040203848902
20160725,0.13024011154044995
20160726,-0.030260971781809396
20160727,0.05119418144827528
20160728,-0.1511733212069157
20160729,-0.034543824588177216
20160730,0.07216244624823058
20160731,0.05139877405644209
20160801,-0.03986220142802574
20160802,0.04386220676137194
20160803,-0.04386220676137191
20160804,0.1057775298423516
20160805,0.024097551579060524
20160806,-0.081035263586288
20160807,-0.05406722127027582
20160808,0.03096222560396689
20160809,-0.08812063944391552
20160810,0.016511107065792324
20160811,0.09570708395718357
20160812,-0.06348087957943566
20160813,0.06248832366668397
20160814,-0.07418436342987535
20160815,0.04598511324182344
20160816,-0.022728251077556175
20160817,-0.0010454784015529453
20160818,0.0052164959188911505
20160819,0.07031007504666752
20160820,-0.058928679556520897
20160821,-0.07363325104345364
20160822,0.09097177820572679
20160823,0.026934296515714985
20160824,0.020458580091100093
20160825,0.029455811290612737
20160826,-0.035258535503180255
20160827,-0.015640592541072175
20160828,0.028170876966696224
20160829,0.02272825107755609
20160830,0.0046707231105582794
20160831,0.0552927416569989
20160901,0.018349138668196617
20160902,-0.06713930283762856
20160903,0.025595547188963723
20160904,-0.0623747986922602
20160905,0.15948840549573573
20160906,0.02427303635620655
20160907,-0.015304366373446033
20160908,-0.05420251180690913
20160909,-0.018158735011871065
20160910,-0.008764297993588242
20160911,0.016587023674797207
20160912,0.06534988020845041
20160913,0.08396538011733412
20160914,-0.08640143491521537
20160915,-0.1990459997351493
20160916,0.04935689697009257
20160917,0.059568684852229936
20160918,0.08277644365706838
20160919,-0.126419733388975
20160920,0.028403191986907054
20160921,-0.01547595748544754
20160922,-0.07030434708476213
20160923,0.01368545308525423
20160924,0.06119556102691971
20160925,-0.01843370168883802
20160926,0.04546237407675741
20160927,0.0017761994012558946
20160928,-0.13670539389260974
20160929,0.04183877142534191
20160930,-0.08126296407876575
20161001,-0.05212906543494668
20161002,0.04149066722989078
20161003,0.12642060932529614
20161004,0.06123429344402117
20161005,-0.008010723746078972
20161006,0.0035682464265178763
20161007,0.07874040103620557
20161008,0.018753097469892472
20161009,-0.05478548310758349
20161010,-0.12818248611999794
20161011,0.07652986725858489
20161012,-0.009932361562684984
20161013,0.02154481898677579
20161014,0.004430667416484675
20161015,-0.10821358464023272
20161016,0.04338029563022518
20161017,0.09958917649160444
20161018,-0.06436774152824142
20161019,0.05579135962841551
20161020,-0.08068891125014276
20161021,0.07637297878457396
20161022,-0.06707923159311456
20161023,0.03096786625501089
20161024,-0.0543662196280123
20161025,0.08527375709108904
20161026,-0.051751065052445346
20161027,-0.009199696898423487
20161028,-0.03959046727100853
20161029,0.04328050835846246
20161030,-0.038484336094969325
20161031,0.05673301768336879
20161101,0.030278359306261073
20161102,-0.04760665426733174
20161103,-0.06263906895654395
20161104,0.03559779425357909
20161105,-0.0583823361067807
20161106,0.07988854132774433
20161107,0.10193188791876483
20161108,-0.06114689685833751
20161109,-0.0804128176004083
20161110,0.008624873781760158
20161111,0.03377431711860405
20161112,-0.08768251795441896
20161113,0.03755381997178731
20161114,0.04457826745198248
20161115,-0.04943972573822757
20161116,0.02026118513982193
20161117,-0.00863314714470289
20161118,-0.0928084946739557
20161119,-0.07005051304508696
20161120,0.08056585704461
20161121,0.05692593679600961
20161122,-0.029074729700244245
20161123,-0.04899364366957456
20161124,-0.05377049416801259
20161125,0.033262489946885285
20161126,0.027958810376992722
20161127,0.03131779955254756
20161128,0.0010272214565300948
20161129,-0.06906620946505622
20161130,0.05770831762064677
20161201,-0.010438508143923407
20161202,-0.02443031750690053
20161203,0.09823843958341326
20161204,-0.01869213301215252
20161205,0.07828423021439823
20161206,-0.03456672963530535
20161207,0.01696553415829667
20161208,-0.09605812299551277
20161209,-0.03667252222201686
20161210,0.051986757195059394
20161211,0.0816780310142671
20161212,0.08412829555205209
20161213,-0.006026707866860375
20161214,-0.11036244990341318
20161215,-0.023415703980843916
20161216,0.00982326170294302
20161217,0.03269521991861112
20161218,-0.05843921590839936
20161219,-0.01210912878974945
20161220,0.056255581141223324
20161221,-0.01742541671385917
20161222,-0.026721035637614764
20161223,-0.02951868268526128
20161224,-0.08288765980576775
20161225,0.10434990415190275
20161226,0.016048488870464086
20161227,-0.019086465890540756
20161228,0.05428071401233338
20161229,-0.05834576026050295
20161230,-0.0362922151683876
20161231,-0.039854493675182505
20170101,0.022814677766171264
20170102,0.11742493359346984
20170103,0.06113014040500807
20170104,-0.04220809997379152
20170105,-0.012258522200445779
20170106,-0.007619084476439405
20170107,0.022685282831083665
20170108,0.053673636693710156
20170109,-0.003549249511141463
20170110,-0.04546237407675729
20170111,0.03203935374461666
20170112,-0.051767565205072225
20170113,0.04089789296816831
20170114,-0.05812319925004756
20170115,0.014374948057522784
20170116,0.08566254511138896
20170117,-0.03918577926566008
20170118,-0.01648388972168937
20170119,-0.005555569844601994
20170120,0.048038234549997685
20170121,-0.10339587848366145
20170122,0.10251053092693713
20170123,-0.05273949370191322
20170124,0.009293747191459477
20170125,-0.04832773641552688
20170126,-0.08824779859022401
20170127,-0.43724801492356047
20170128,-0.0032894766503987574
20170129,0.19676912988870357
20170130,0.10156441565454534
20170131,0.05239293406094596
20170201,0.030841964850211474
20170202,-0.03782685937216247
20170203,0.13323929389307526
20170204,-0.013381568695831368
20170205,0.022541938094495607
20170206,0.07135414767263121
20170207,-0.05030073847479889
20170208,0.057819570888826236
20170209,-0.02081437489527199
20170210,-0.03403342560439683
20170211,-0.24287199738562348
20170212,0.09266999001378148
20170213,0.12617682778485212
20170214,-0.14239966329173942
20170215,0.10102871704433614
20170216,0.05645418845873184
20170217,-0.09521038438485174
20170218,0.05030488071090225
20170219,0.08404944434245165
20170220,-0.014500012384753952
20170221,-0.05813259803779197
20170222,0.0745501565518178
20170223,-0.03310915860727895
20170224,-0.07715908054661809
20170225,0.07715908054661823
20170226,-0.13098865923022418
20170227,0.035480440015409426
20170228,-0.0032733253449691376
20170301,0.009788006366162944
20170302,-0.017467693040390832
20170303,0.0054915019936751614
20170304,0.020596934090622694
20170305,0.06037212844304446
20170306,0.01603240753104901
20170307,0.0098912774787427
20170308,-0.11569368443850112
20170309,0.1380790473993012
20170310,-0.04226673351462912
20170311,-0.008064559836730408
20170312,0.047439725071560565
20170313,0.022901764286684414
20170314,-0.00662567497213738
20170315,-0.056655774975382746
20170316,0.04327125394063468
20170317,-0.005791521979588825
20170318,-0.009727703168012067
20170319,0.01648122618379185
20170320,0.04235927383914164
20170321,-0.06275823275183509
20170322,-0.000981836112256813
20170323,-0.042132610697375616
20170324,0.05579135962841551
20170325,0.04453601921662669
20170326,-0.036813973122716316
20170327,0.0821115720142436
20170328,-0.10349236703919398
20170329,0.07017095919438229
20170330,-0.00827590930385971
20170331,-0.055042355428482105
20170401,-0.07914879838643026
20170402,-0.013822654957235631
20170403,0.10942078408446959
20170404,0.06681519817391703
20170405,-0.020862434654158556
20170406,-0.025059315931481124
20170407,-0.011342276603934495
20170408,-0.0842498978443609
20170409,0.09559217444829529
20170410,-0.07918154975442311
20170411,0.01914416149764352
20170412,-0.06174800706844708
20170413,-0.009600073729019231
20170414,-0.002145923570276771
20170415,-0.07584458619363908
20170416,0.1352680066644398
20170417,-0.028749413285985938
20170418,-0.048009219186360606
20170419,0.015184673538317307
20170420,0.008574543424583718
20170421,-0.04809670136192316
20170422,0.06397845391486634
20170423,0.03711766295650259
20170424,-0.009151055217357436
20170425,0.025215657721164166
20170426,-0.037548804798380145
20170427,0.05139670165717379
20170428,-0.1628656901785888
20170429,0.026242236060290674
20170430,-0.006779686985378804
20170501,0.03125254350410453
20170502,0.1638367421198516
20170503,-0.024552697005879073
20170504,-0.10154371713112549
20170505,0.026111144003685804
20170506,-0.007242659699302924
20170507,-0.015698909543103753
20170508,0.10978111016322291
20170509,-0.06643066928960903
20170510,0.06926219548534744
20170511,-0.042354742565423154
20170512,0.005882369903066613
20170513,-0.02875755929505242
20170514,0.061452779213663516
20170515,0.009416265431515686
20170516,-0.005639112687770262
20170517,-0.007568626480007617
20170518,0.06525051831966085
20170519,-0.05204277915188299
20170520,-0.09119494765921823
20170521,0.0836690419588713
20170522,0.11241770796782519
20170523,-0.02650860650118668
20170524,0.008628181223338189
20170525,0.005995735306334188
20170526,-0.055301496290488195
20170527,-0.0063377305845491345
20170528,-0.049335271841692535
20170529,0.04751708952263398
20170530,-0.03991249013741464
20170531,0.06151549047223642
20170601,0.007982304024685095
20170602,-0.046099441123919956
20170603,0.004614682854672462
20170604,-0.02140612215193282
20170605,0.09761659179500994
20170606,-0.04627626182503264
20170607,0.04285745507624709
20170608,-0.019015266113487514
20170609,-0.020273942536241724
20170610,0.01765270905636757
20170611,-0.04016604172533476
20170612,0.10207644045663634
20170613,-0.030052345066401823
20170614,-0.0283646003303397
20170615,-0.0034934533345600885
20170616,-0.0194352407226507
20170617,-0.0587864372019223
20170618,0.06943427515776864
20170619,0.045717318529664444
20170620,-0.030824358200375036
20170621,-0.04263523164443596
20170622,-0.02946806225690798
20170623,-0.02651670514263961
20170624,-0.02822571806462884
20170625,-0.011916724933462741
20170626,0.05348868495098622
20170627,-0.0880449688129124
20170628,0.04844539602259344
20170629,-0.03509131981127006
20170630,-0.0020429016298002933
20170701,0.01924109992702103
20170702,0.011964250391770627
20170703,-0.008959741371471869
20170704,0.007968169649176881
20170705,-0.01700891430132599
20170706,-0.08197865373501957
20170707,0.059528731295797666
20170708,0.004119470295238804
20170709,-0.05492404593069818
20170710,0.09026341237600712
20170711,-0.05296553557991268
20170712,0.03292478469646661
20170713,-0.0551361684591808
20170714,-0.03482397587170154
20170715,0.12574925218246763
20170716,-0.05623971832287608
20170717,-0.018770102681990492
20170718,0.038208054838895056
20170719,-0.06379580478730217
20170720,-0.035168459472665226
20170721,-0.007860792863934658
20170722,0.04518675047662114
20170723,0.052477937248616796
20170724,-0.0654933053606871
20170725,-0.04465027373773882
20170726,0.0905249839470467
20170727,-0.10779657045570741
20170728,-0.05859416426605282
20170729,0.07814625347343866
20170730,0.02696792642750697
20170731,0.027339045503231598
20170801,-0.1033249524811535
20170802,0.07042724897409457
20170803,0.06370205099260527
20170804,-0.03838424300831534
20170805,0.024692612590371414
20170806,-0.0021231430480778664
20170807,-0.0302072589904112
20170808,0.09301740104984155
20170809,-0.16334115307143596
20170810,0.08013309498321966
20170811,0.006486509229606852
20170812,-0.01739174271186922
20170813,0.13229707854063752
20170814,0.051485398892991925
20170815,-0.16962872999553572
20170816,0.08989011233498559
20170817,0.10050685846451433
20170818,-0.06841854391301386
20170819,-0.00961545869944198
20170820,-0.004842624475788015
20170821,0.07750027005186347
20170822,-0.009025332022042407
20170823,-0.004543397184026568
20170824,-0.021169681507712715
20170825,0.01477404527130769
20170826,-0.029769640231664382
20170827,-0.020029281875572527
20170828,0.03502487683592922
20170829,-0.01972821146045557
20170830,-0.03278982282299084
20170831,-0.019802627296179754
20170901,-0.046043938501406846
20170902,0.07657314353622967
20170903,-0.0019417481829102992
20170904,0.023055776299925796
20170905,0.029014669865616013
20170906,-0.04819071287995295
20170907,0.0239131432986062
20170908,-0.04346410816956127
20170909,0.016642576974998092
20170910,0.010622987391287468
20170911,0.025605950905171277
20170912,0.012098798119068103
20170913,-0.039627826539980864
20170914,0.024716087044298004
20170915,-0.06899287148695143
20170916,0.006018072325562945
20170917,0.04305948946044701
20170918,0.024599159013367816
20170919,-0.018868484304382805
20170920,0.008534902449837506
20170921,-0.1298957594541049
20170922,0.12421392598667394
20170923,-0.031840605855658774
20170924,0.007812539736793625
20170925,0.05304273598448113
20170926,0.02280080535077559
20170927,-0.11654394791688545
20170928,0.08540590112828153
20170929,0.004640379556502301
20170930,-0.06305813596713691
20171001,-0.05994684367039819
20171002,0.038011766804142574
20171003,-0.010131798930406952
20171004,-0.10513424571682249
20171005,0.09798040836020382
20171006,-0.03655759573379758
20171007,0.06387340638076057
20171008,0.002989538848365986
20171009,0.10565897857602449
20171010,-0.12677590201694733
20171011,0.021116923440922614
20171012,-0.015037877364540559
20171013,-0.06575137756278042
20171014,0.09167506257257199
20171015,-0.0029571238897438154
20171016,-0.051657053582976946
20171017,0.03974032864951412
20171018,-0.05756985182147782
20171019,0.10058723690516862
20171020,-0.006721100673077422
20171021,-0.07499765192770838
20171022,0.04268940869505057
20171023,0.009901070982711537
20171024,-0.08745930532858609
20171025,0.148605379110833
20171026,-0.054273194494484894
20171027,-0.07833184326990696
20171028,0.08515780834030677
20171029,0.001941748182910384
20171030,-0.08604191496508166
20171031,-0.010627092574286238
20171101,0.055078855145120086
20171102,0.08245094344609787
20171103,-0.09568268865571747
20171104,-0.029108084158070657
20171105,0.07320340402329492
20171106,0.042232763623272995
20171107,-0.03831886430213666
20171108,0.034552381506659735
20171109,-0.008526816229161757
20171110,-0.03288497482839112
20171111,0.037631068217646814
20171112,-0.025900728432157124
20171113,0.0
20171114,-0.07672783217984755
20171115,0.11673316679354656
20171116,-0.09596398826174371
20171117,-0.020769178531802983
20171118,-0.11791420900214776
20171119,0.18291170139650553
20171120,-0.11116779653766419
20171121,0.02710192977779118
20171122,-0.014001305732093183
20171123,-0.03307909097658443
20171124,-0.012408506643829849
20171125,0.07645643660921074
20171126,-0.08672463863641072
20171127,0.039353026206156876
20171128,0.006593430479831905
20171129,0.0
20171130,-0.0857177801128854
20171201,0.004761913760243785
20171202,0.018824085245635617
20171203,0.05664027911333093
20171204,0.07016692504124182
20171205,-0.06467542304756664
20171206,-0.027764137602798358
20171207,-0.004514680354526583
20171208,-0.060624621816434854
20171209,0.12629372532429206
20171210,0.03025791604050435
20171211,-0.047352349399804504
20171212,0.07372304586235301
20171213,-0.041907000677692936
20171214,-0.11374630903410037
20171215,-0.004689340363386059
20171216,0.014002562510053706
20171217,0.056321189511540616
20171218,-0.030018929989887547
20171219,0.00674918197492833
20171220,0.04171845356729226
20171221,-0.0563996884621246
20171222,-0.1220583735067854
20171223,0.09671139441938814
20171224,-0.04413357833948105
20171225,0.0181273845925567
20171226,0.0023923456386199015
20171227,0.08142030811181807
20171228,-0.057806460003513555
20171229,0.012753796062570415
20171230,-0.04115807249350744
20171231,-0.15415067982725836
20180101,0.08068891125014266
20180102,0.1574674324532523
20180103,-0.10462495107887226
20180104,-0.03364803411823276
20180105,0.03364803411823273
20180106,0.05018974452385531
20180107,0.024180798197214613
20180108,-0.001138304050060392
20180109,0.01581953894489281
20180110,0.005589729478786812
20180111,-0.03632635512691681
20180112,0.025115475377700265
20180113,-0.009060084624402465
20180114,0.016920877488337177
20180115,0.005577259298106215
20180116,0.015452846123348211
20180117,0.02807959861329443
20180118,0.03556860297774211
20180119,-0.016580690733050824
20180120,-0.1068710022054009
20180121,0.08254404898128923
20180122,0.03678817366192367
20180123,-0.009331327428884305
20180124,-0.039304049959029794
20180125,-0.06259025772231025
20180126,0.030666798392972323
20180127,-0.03182086661107902
20180128,0.09152389004749274
20180129,0.10778118726030972
20180130,-0.065485042741602
20180131,-0.017320860942630547
20180201,-0.015536304215144485
20180202,0.050875670660453405
20180203,-0.06665716599785643
20180204,-0.008519753344770523
20180205,0.09967593983095148
20180206,-0.003879733285588963
20180207,-0.07045166095061135
20180208,-0.07691933189126818
20180209,0.1463987030229403
20180210,-0.031623188430512185
20180211,0.01197619104671562
20180212,-0.11555338032911426
20180213,0.0382351325451442
20180214,-0.10025270625138669
20180215,-0.42641768544304254
20180216,0.07682659639271525
20180217,0.1127282649947594
20180218,0.07517989850783506
20180219,0.04360363748213193
20180220,0.11094489395172688
20180221,0.10524117679498406
20180222,-0.005385042630887711
20180223,0.0021574981400210927
20180224,0.04837957085633447
20180225,-0.07679678357991143
20180226,0.061276554820814594
20180227,-0.04151740484035218
20180228,0.023631604533277038
20180301,-0.053418693699863996
20180302,-0.036492076448768236
20180303,-0.0709858965612163
20180304,-0.06970562989203728
20180305,0.03674954220874144
20180306,0.13256443042186214
20180307,-0.02514418180102529
20180308,-0.03294415571935403
20180309,0.07930633061522441
20180310,-0.04289596691938423
20180311,0.11225709471688662
20180312,-0.2002126102502928
20180313,0.08217180941655738
20180314,0.06728995289290081
20180315,0.011859977290750008
20180316,0.07632569187121849
20180317,-0.10569158667558302
20180318,0.1017114819189562
20180319,-0.05323672541654519
20180320,-0.048474756502411016
20180321,-0.037103750203377084
20180322,-0.03141619623337893
20180323,0.03712723402889343
20180324,0.04018397781903331
20180325,-0.03450537085019004
20180326,0.025714105439019228
20180327,0.008791265411170724
20180328,-0.027733335940245463
20180329,0.0321001551065858
20180330,-0.1654708664420989
20180331,0.17306721333403352
20180401,0.12579887088387195
20180402,0.08319093299224396
20180403,-0.16665544004955526
20180404,-0.07195803303678633
20180405,0.10658471034635392
20180406,0.016873849489873635
20180407,0.0019665689720408473
20180408,-0.011857846450783503
20180409,-0.04680406619780263
20180410,-0.09729130760937907
20180411,0.05473169319058311
20180412,0.03524123361111608
20180413,0.04413235393039615
20180414,-0.1479783356003429
20180415,0.1173949122282626
20180416,0.027566829832654592
20180417,-0.05272538946880955
20180418,-0.051181556301507676
20180419,-0.02603429436587577
20180420,0.015927526696101278
20180421,0.04199512103660324
20180422,0.02985296314968113
20180423,0.005238356661588931
20180424,-0.06697967317809894
20180425,0.014420660326437964
20180426,0.057770072064413105
20180427,-0.1097591800020134
20180428,-0.015196084352345731
20180429,0.020979790469194466
20180430,-0.024519617174318612
20180501,0.046197590998857736
20180502,-0.0022598879674374786
20180503,-0.08249669663510319
20180504,0.06538275926285171
20180505,0.11304095692061293
20180506,0.012257558986083838
20180507,0.004052690450623289
20180508,-0.14209023213474978
20180509,0.05222526090421428
20180510,0.05278554326202551
20180511,-0.0865345279986667
20180512,-0.006888660995185268
20180513,0.07968816060369949
20180514,-0.013926309698194476
20180515,0.002155173247983412
20180516,0.11574771618693394
20180517,-0.08500867702991191
20180518,-0.015781495337403036
20180519,0.012645057847272793
20180520,0.051031480012445826
20180521,0.019705071079332337
20180522,0.0077745775471300006
20180523,0.02862790922230928
20180524,-0.05213535798833896
20180525,-0.0353037167110738
20180526,0.0
20180527,0.00818000471193069
20180528,0.2980658557604897
20180529,-0.15150867036441965
20180530,-0.03399253934691471
20180531,0.011759520406906258
20180601,-0.1585066762005998
20180602,-0.018075983924336684
20180603,0.07640453597409327
20180604,0.09023678606299539
20180605,-0.03230553199689014
20180606,0.007476670343020137
20180607,-0.08955396671434414
20180608,0.04772277286921567
20180609,-0.08930880664731838
20180610,0.08444261699614558
20180611,-0.01078970742138009
20180612,0.05562315747961889
20180613,0.021228300619853837
20180614,-0.056352936551131744
20180615,-0.1026802674706268
20180616,0.0752544544897196
20180617,-0.01198815555996955
20180618,0.0679873409849328
20180619,-0.019915309700941432
20180620,-0.06735218202949153
20180621,0.024292692569044483
20180622,-0.044997365930735805
20180623,-0.022211383762714275
20180624,0.03880927517175206
20180625,0.059898141581069014
20180626,-0.08489944378648627
20180627,-0.03324702999855694
20180628,-0.059534703452409264
20180629,0.010362787035546658
20180630,0.04260734142035618
20180701,0.02278991742563279
20180702,-0.03382755707725322
20180703,0.0208684124347481
20180704,0.058063800954761116
20180705,-0.009273636785329215
20180706,0.07188722951331587
20180707,0.0009629273733933429
20180708,-0.0009629273733934415
20180709,0.07692535934632591
20180710,-0.12023921641558588
20180711,0.0010055305020187962
20180712,-0.029578902946074764
20180713,0.0031007776782481854
20180714,0.049330585219701885
20180715,-0.07652891447701055
20180716,0.003176286418420737
20180717,0.053510707259585656
20180718,-0.047188241520098706
20180719,-0.007380107297622534
20180720,0.011572985557658564
20180721,0.004175371410480592
20180722,0.024692612590371414
20180723,-0.0320109933980513
20180724,0.014583591799092216
20180725,0.029548762131303946
20180726,-0.0254207892932733
20180727,-0.05395279824823887
20180728,0.027868899008792233
20180729,0.029168734590656716
20180730,0.07418130475376213
20180731,-0.08970153351285898
20180801,0.042863704431782314
20180802,-0.020182319749857493
20180803,0.04387543200714538
20180804,-0.08976460933408632
20180805,0.035643186052902696
20180806,-0.013478690320464328
20180807,-0.003136437490130272
20180808,0.08910342796185369
20180809,-0.023256862164267235
20180810,-0.034916265106227876
20180811,-0.014315172880763945
20180812,0.009226103373292632
20180813,0.010152371464017908
20180814,0.05597926774190128
20180815,-0.0681745408357195
20180816,-0.024845998586530776
20180817,0.04609110720026709
20180818,0.027642431280004744
20180819,-0.01966631720999592
20180820,0.02063955329654814
20180821,0.02687301825109627
20180822,0.009425140459583113
20180823,-0.014171233848838677
20180824,-0.056766706831778556
20180825,0.03366654588338572
20180826,-0.008802012818090182
20180827,0.06558169001074135
20180828,-0.06459985389848463
20180829,0.045091571503065135
20180830,-0.011320875624482198
20180831,-0.04959694113937206
20180901,0.0019920325312405766
20180902,-0.05207914904488957
20180903,0.05704193838701853
20180904,0.0
20180905,-0.01195233352384117
20180906,0.008977616407098384
20180907,-0.11233612939425155
20180908,0.11827674092437271
20180909,0.027265564366285452
20180910,0.06867261527925024
20180911,-0.00991445705717852
20180912,-0.04729671470306516
20180913,0.030857988359905282
20180914,-0.009250759772150998
20180915,-0.04855784914922113
20180916,0.0
20180917,0.09486662246726783
20180918,0.011469027348764819
20180919,-0.16045707309721624
20180920,0.10823999111510198
20180921,0.05046115527984939
20180922,-0.1403332830635641
20180923,0.015052968628962285
20180924,-0.03651521297509745
20180925,0.08131335587499214
20180926,0.014184634991956381
20180927,-0.02087362314275305
20180928,-0.1586349922745869
20180929,0.09121600827166157
20180930,0.028313316964088384
20181001,-0.10392142756975901
20181002,0.02835522575512522
20181003,0.03486882565082386
20181004,0.0062112000926406764
20181005,0.0
20181006,0.03945883674054771
20181007,0.017699577099400857
20181008,0.023122417420854212
20181009,0.043789017123661206
20181010,-0.0343102731691174
20181011,0.03613176729750847
20181012,-0.08247210455621046
20181013,-0.01393057353594691
20181014,-0.014127379259210565
20181015,0.09955099006895607
20181016,-0.06166011635755966
20181017,0.03367321510658781
20181018,-0.03759478875976953
20181019,0.09370145660457634
20181020,-0.12868753356787788
20181021,0.03792869801749894
20181022,0.042192259978859954
20181023,0.021366349272362493
20181024,0.021819047394639673
20181025,-0.0008996851708976849
20181026,-0.055518418762678844
20181027,-0.04475455038377504
20181028,-0.033387016032737055
20181029,0.12006666304752174
20181030,0.015391883767584009
20181031,-0.03287967411915627
20181101,-0.033997608541419734
20181102,-0.025293177139081132
20181103,0.021443316753639727
20181104,-0.03533242891430675
20181105,0.09612721039763923
20181106,-0.005459522204898982
20181107,-0.01378064986875262
20181108,-0.05514705168758177
20181109,-0.01874746569995196
20181110,0.013847896858793535
20181111,0.024261257890304425
20181112,0.015223890600634022
20181113,-0.08264287460355924
20181114,-0.01758969302698666
20181115,-0.05691283427093442
20181116,-0.00221239028294074
20181117,0.005521825184307947
20181118,0.07016692504124182
20181119,-0.02284626885116973
20181120,0.03407660638072366
20181121,0.019105659079585616
20181122,-0.08737363020858856
20181123,0.03733767043764431
20181124,-0.008412247294651967
20181125,0.03323254934443204
20181126,0.036112248945377394
20181127,0.04714677842570208
20181128,-0.011342276603934495
20181129,-0.09988335850628989
20181130,-0.11450584848001794
20181201,0.06828590786613158
20181202,0.05250268379338166
20181203,0.03688942868571342
20181204,0.03654727736038597
20181205,-0.08182249942237346
20181206,0.07890846142052385
20181207,-0.09482391672642343
20181208,-0.06403953691650394
20181209,0.10695559404090943
20181210,0.051907859602017936
20181211,-0.016675226994639053
20181212,0.0340334256043967
20181213,-0.058058605191386684
20181214,0.0
20181215,-0.054123510144794634
20181216,0.020117142159599477
20181217,0.01663240004914205
20181218,-0.022941569242406732
20181219,0.07124069485544633
20181220,-0.06074741913960745
20181221,-0.013662850477117794
20181222,-0.03007745523727795
20181223,0.020508004221127155
20181224,0.010627092574286193
20181225,-0.06214533353797372
20181226,0.038614836127779516
20181227,-0.14285112457332488
20181228,0.1503983302087078
