date,玉米,鸡蛋,棕榈油,豆油,粳米
20170804,-0.1846898231465666,-0.05492428512011966,0.0032372964497913107,-0.2233056915658823,
20170807,0.1867574652950923,0.09431952322286333,0.40764821298013054,0.2231759814677693,
20170808,0.001965216314905351,0.00965295079444067,-0.1740872309504685,-0.2090872728044662,
20170809,0.018093878841761606,0.032846656458775596,0.4759807590750288,-0.2806453063375431,
20170810,0.00038554217345027037,0.002837571323073093,-0.6910599707636885,0.28805245262480256,
20170811,0.0013482282473682534,0.013429496995104985,0.6844520673931707,0.22088739757432863,
20170814,-0.0010591691327671187,-0.08744717330533218,-0.4594789877136341,-0.006254807218606992,
20170815,-0.0008674281301454476,0.07266070033515792,-0.23581946956567487,-0.22052198262713804,
20170816,0.00019282684209372022,-0.07589150931891389,0.3966285263076664,0.21577290426226983,
20170817,0.006821374387191323,-0.015224079273548699,-0.3973619330145411,0.0014784819329321066,
20170818,-0.002972625289123534,0.08568957314611295,0.41374572045042207,-0.21916893232447382,
20170821,-0.0004802843375547724,-0.06423154892701177,-0.6924198196356482,0.22843980208881928,
20170822,0.004983717426572728,0.0818045637055627,0.5339445788167487,0.012082254706223535,
20170823,-0.0028721896240957384,-0.03158853174100172,-0.2263458312255942,-0.21806341871662327,
20170824,-0.0016312434649221753,-0.09303548591737226,-0.28661350600994356,0.001172287266446889,
20170825,-0.0032704915646069527,-0.0075810541680136016,0.27990897099521816,-0.29765114908714857,
20170828,-0.002218472093860731,0.09025116992154178,-0.006478921250638639,0.0007360286331963033,
20170829,-0.011557453951657413,0.001960825843632392,-0.004614766367303936,-0.008656234775019958,
20170830,-0.003620887647408367,-0.01666372518975212,-0.004180684086107252,-0.005208621927157219,
20170831,-0.0035356548323077553,-0.0029496981502501844,0.0017289234935949738,0.0017037593302517186,
20170901,-0.00019679228637747834,0.0009346589175621776,-0.27794090339622823,0.30586870480799083,
20170904,0.00988992149203706,0.005040568098603598,0.0038341767556219026,0.0033637142053335313,
20170905,-0.0006822944852631123,-0.001120282512879284,0.6951781232567213,0.22162736930078242,
20170906,0.00262914606873944,0.008508001200278734,-0.6893353832107945,-0.5140845887963045,
20170907,-9.725261374068204e-05,-0.01666247079849549,0.5067989805679095,-0.0028288562004777137,
20170908,-0.008595481715462974,-0.005666464436495795,-0.22687489892706783,-0.01065354731012262,
20170911,-0.004818338640071852,0.00547454427469379,0.42562947297003656,0.010023824367398428,
20170912,-0.1745646324365537,-0.09309042306601198,-0.40816956034152524,-0.0042083176257871335,
20170913,0.17357843906273906,-0.011606821218451748,0.23270560125000456,0.006515365628918547,
20170914,0.011282925680453922,0.09975864591350163,-0.501261726266021,0.30355521541721114,
20170915,0.0064183824346811654,0.0008997429912892235,0.28110510282253065,0.2224474148433544,
20170918,-0.0011639186571005085,-0.020967306042098455,-0.003669408275898965,-0.22663152136592837,
20170919,0.000873065971934159,-0.1036806345051772,-0.28858693101991983,-0.2911303070296157,
20170920,-0.0003879352196842885,0.10059269144503157,0.28630862649429295,0.28341367806847106,
20170921,0.0030992760885904134,0.013031345880849041,-0.007838342126612404,-0.2910262076615174,
20170922,0.0023181696849048114,-0.0959295666311877,0.2237446084857692,0.2811181294368212,
20170925,-0.1864400115261983,0.071737489082631,-0.23808209082836382,-0.2964129795684215,
20170926,0.19115632037916278,0.014270541015505324,-0.28789138068882414,0.0014869891215783665,
20170927,-0.0034628737951593967,-0.0014660994540658613,0.003820443997385728,-0.0020185929829095077,
20170928,-0.008321286526050157,0.006678476993202652,0.8329298463909484,0.2689768965480793,
20170929,-0.18742589486505,0.007109445585676058,-0.5578687913539063,0.003893264711657571,
20171009,0.17609100704331856,0.005019777218535091,-0.2846396723341117,0.0011326862052432392,
20171010,0.0022576696706147863,0.000601542545047411,0.5102239028259989,0.21862133372179463,
20171011,0.0004901240111839754,-0.062020271083585043,-0.0036904416138257208,-0.5114106281702073,
20171012,0.00019598236221467658,-0.004879231753252294,-0.22135090069968985,0.28483341549753866,
20171013,0.0023487973217553287,-0.003312175260972354,0.003972199860432724,-0.27802956614987034,
20171016,9.774693326770889e-05,0.0849010511817906,-0.2848330249548882,0.005152990468405299,
20171017,-0.18688674590926302,-0.07641262011785839,0.0029902540073404606,0.5079947655414667,
20171018,-0.0009430626656738622,-0.00013707706036859436,0.2821130290456748,-0.008281085041110072,
20171019,0.1865583525867403,0.007103208083134346,-0.009139094510670916,-0.23255887946133694,
20171020,-0.18927462234066966,0.09028603062768817,0.013363630028135712,0.009057959029761713,
20171023,0.1842709327250875,-0.08906173501145821,0.23283719964982258,0.2211594559471937,
20171024,-0.18616487268515827,0.08827377826683706,-0.5044738474138527,-0.2214844478252573,
20171025,0.19165777516701119,-0.08686995147679728,0.29635332434712236,0.23320168820993042,
20171026,-0.0020563042741421913,0.0898319346483747,-0.005352063663953201,-0.5040694191560031,
20171027,-0.0030432458572756675,-0.00805719119162158,-0.2860705157791044,0.4980661089983191,
20171030,-0.003545753739495838,-0.012124411733017705,0.5230702946538668,-0.4937074139565318,
20171031,-0.185978952261194,-0.0021549455870580225,-0.005987208082770457,0.26805180751474045,
20171101,0.19099840081964348,0.004136772467505217,-0.011447156144568009,0.003159304341116179,
20171102,-0.4027689619615833,0.0012629453560486115,0.010818510854420508,-0.2735475615168762,
20171103,0.23025581111050092,-0.00048394054788126085,-0.22757271395177653,-0.0008509733520658293,
20171106,-0.22469047747240475,-0.083285534055468,-0.29369479056202175,0.49844753185359997,
20171107,0.2291137183007135,0.09462788977964556,0.29176293186495955,-0.21079206399111228,
20171108,0.0010447502256227285,-0.0019579260576730213,-0.0010553162530728994,-0.2870171699684757,
20171109,-0.0012770652458335774,-0.09107007308747221,-0.27773028962868895,0.5144137761098709,
20171110,0.0019729594979947447,0.08731012046159521,0.2731443392685121,-0.01131761816561015,
20171113,0.0026631174194836284,0.0037808018132806675,-0.28377093544330795,-0.010277051315849864,
20171114,0.0025407104555433034,-0.0020661811188702364,-0.01335480464044285,-0.22481789923814674,
20171115,0.18663748925952328,-0.09369443787126935,0.27432738105516224,-0.00931683758023055,
20171116,-0.18790703758630964,0.09748958797653126,0.006400166075546779,0.40384900147688724,
20171117,0.18031777977577187,-0.08774009583010996,-0.2961945541079914,-0.6896989956486196,
20171120,0.004426063224777386,-0.003870150074879395,0.28734973110394807,-0.005698645558687346,
20171121,0.0018224550629506655,0.004733198050321173,-0.015070842857913345,0.68148475737128,
20171122,0.0023929181076127884,0.10761908147683481,-0.28419102618688075,-0.17072507709174536,
20171123,0.0026732878246218967,0.0040282438048801494,0.0,-0.22522300018459285,
20171124,-0.0029601358449469622,-0.0917997401513022,0.0006112096027939944,0.23022235278900466,
20171127,-0.18279981975204032,0.0013344604088768128,0.2751698044445668,-0.5191718176132177,
20171128,0.0011474470564769215,0.08492735533582198,0.23210559217324084,0.2766487778134301,
20171129,0.18936853386620572,0.013646760102491476,-0.23191999454835763,0.2250484092765236,
20171130,-0.0007594456412099575,-0.005047660531612556,-0.2891368432724593,-0.2274765094354275,
20171201,-0.002091454322590681,-0.001762579088594232,0.521056837820817,-0.27565531896443213,
20171204,0.006166709927095961,6.0830334078702004e-05,-0.2240637685503988,0.0005520287195112959,
20171205,-9.458500834672394e-05,-0.004531837253589062,-0.009620795761602675,-0.011768760236114142,
20171206,0.00415330028786372,-0.10636585490861346,0.0035260313047073,0.002231147735017841,
20171207,-0.007374525242812337,0.09672609176042808,-0.01558958060431361,-0.019238935075022546,
20171208,0.002085506491021361,-0.10038007946248706,-0.2909174571590375,-0.001477860781683491,
20171211,-0.0008526361181603218,0.0890253696144191,-0.002141733102145414,0.29550125218459067,
20171212,-0.0014226777189751897,-0.09809298156349522,0.0015122876228121059,0.21947954938639844,
20171213,0.004261975481044725,0.10794527800650688,0.5155744360671893,-0.21542411969849543,
20171214,0.002737012703867102,-0.09821850771055401,-0.015459537961363626,0.39779099302846177,
20171215,0.0015068754028598294,0.10364124715131381,-0.2204931793782613,-0.7105170607651183,
20171218,0.012345835822299362,-0.0994464674614026,0.2313550080909955,0.3016190817064451,
20171219,-9.295840118240311e-05,-0.011217792868236284,-0.5226298035869571,-0.007702879579528668,
20171220,0.0013934694994840707,0.0966156955852548,0.29298712468147414,-0.005859560065638821,
20171221,0.008872516614748806,0.007327404865851405,-0.012721966025648733,0.20741247878748106,
20171222,-0.004703720915948761,-0.10588998547838303,0.21074509725633117,-0.018143658591888087,
20171225,-0.007982221703162155,0.0032503233156571296,-0.22626733362789309,-0.22911543136868132,
20171226,-0.0013987972626281133,-0.004856491344859445,9.77660459300778e-05,0.001348133040203864,
20171227,0.0034468337260270417,0.08592000617713923,-0.2731564785911663,0.005910288539732783,
20171228,0.00018597731130413212,0.0012846298979433694,0.0005137426262493428,0.23182008679310617,
20171229,-0.00242040706508422,0.0017873105740956587,0.5030139904005799,-0.004542236340441527,
20180102,0.00881553521387775,0.008014020272024039,-0.19682170526674506,0.014827638742931557,
20180103,0.01430954521289765,-0.007614940251184223,0.0027377878795450234,-0.2347220993403361,
20180104,-0.005754228783252152,-0.0010085093826739245,0.40668996339862395,0.590324138233422,
20180105,0.007664970459166246,-0.003917608953381912,-0.18488604756433738,-0.34987136418410086,
20180108,-0.007298636541707338,-0.014989915503802973,-0.9127850645637084,-0.008748962193235538,
20180109,-0.0005495512136841707,0.0013273106784780682,0.010853399952773195,-0.2262238617805896,
20180110,0.0021963951357464543,-0.0014772790782750138,0.6776735281753402,-0.2717959990965512,
20180111,-0.006695737008322372,-0.10768909952783987,0.004432087975542417,0.29221199349488214,
20180112,-0.18088691548404875,0.10642418570562026,-0.0126883626330471,0.01150622345760152,
20180115,0.1934162302424931,-0.006845360924801077,0.0023794804926171435,0.21047939023856777,
20180116,-0.014279418829695184,-0.004915291658706746,0.4016870259889639,0.3423443482362346,
20180117,-0.0023074448375369444,-0.005768849061737847,-0.6971631222122712,-0.3373764224733382,
20180118,-0.0024980352537728023,0.005486623822415379,0.2952859460040616,-0.2301540958004271,
20180119,-0.0040842904636797335,0.0010850460038957233,0.20956889881571303,-0.2810616285935243,
20180122,-0.0012099215027131982,0.0010405377049831415,-0.5044716785848037,0.294828839670794,
20180123,-0.008792498884934963,-0.004255695149642839,0.0017861704161952407,0.22971904815073035,
20180124,0.0018772297609647311,0.003193468058359909,0.29035536027640285,0.0038637567131611147,
20180125,0.0013119672015869822,-0.006964877431409129,0.002761249076492743,-0.5130381139447225,
20180126,0.0027121830981384396,-0.00021843599912107215,0.003890870863533165,0.2775735191148678,
20180129,-0.0006539917082725129,-0.025130174172126585,0.4104410261632577,-0.2707037359173631,
20180130,-0.0020581913898660314,0.0031313631348659447,-0.41604487803187806,-0.01390088496901184,
20180131,-0.001593327109656469,-0.003086560267474996,-0.28720594998409016,0.0048816581021625454,
20180201,0.006917208362406276,-0.000605008141248745,0.27436068133902886,0.26009668979971057,
20180202,-0.0006522853513669708,0.0005378030874034035,0.21335143273980223,-0.012034050976258424,
20180205,0.005299133861742271,0.006497951788408218,-0.5071949143834555,-0.2719005771143779,
20180206,-0.0009276438513081746,0.0007119813405668357,0.00025883266612720474,0.26284592137653795,
20180207,0.0019470591659467898,-0.0031186677389903475,0.0027137058715963258,0.2405057738398044,
20180208,-0.002318357787125024,0.0041856901810076496,0.28671373694472224,-0.21081018939081483,
20180209,-0.001021782634994842,0.0041239914773881494,-0.2877466615039591,-0.28987746301521666,
20180212,-0.002512447234251011,0.013406794216797746,0.7013167927536998,0.4885551765777139,
20180213,-0.005887042185725314,-0.0006114738894637271,-0.18320605316942232,-0.20292842479909445,
20180214,0.0037418191459953486,-0.004971157871740873,-0.5156592836117265,-0.2830851607616653,
20180222,0.0029834070236101945,-0.001625909439107183,0.0024454610295096334,0.48799869787518013,
20180223,-0.002050135840611723,0.011130542087800815,0.2998522193081672,-0.20857144051282583,
20180226,0.006693963262798815,-0.002852820454190563,0.2280273106766803,0.23125990060446763,
20180227,0.00018530529099639376,-0.005094299074038739,-0.22375034744933325,0.2123537073293232,
20180228,0.003883500026397612,0.0039596214625536325,-0.28100235765371023,-0.20407950994790972,
20180301,-0.0019398648178265917,-0.007274990452066089,0.6945906803555797,0.17850324837613762,
20180302,0.0017552778306850938,0.0003957870717248214,-0.19112785744511154,-0.14680605176541667,
20180305,0.016750197122220714,-0.012921677268745733,-0.23007664830206662,-0.0033985305759192787,
20180306,-0.19226462616854048,0.004200146179300557,0.22756799975543826,-0.22747506014772617,
20180307,-0.009283886310007608,-0.0008874493072397913,0.1770685286820064,-0.2975351986102208,
20180308,-0.004897605515428606,-0.08419644046173154,-0.4159773515709643,0.6928650373986346,
20180309,-0.0038010107249961456,0.08112868063094245,-0.011079907304781764,-0.011408586435035104,
20180312,-0.0026917916657114146,-0.01292971750940863,-0.004407666668612221,-0.4125687126814882,
20180313,0.002131598944770723,0.00160005442770348,0.413904251724095,0.007046518801936799,
20180314,-0.0011213277694340554,0.004919313131468621,-0.6956161571893722,0.2321116096460601,
20180315,0.17955022702983017,-0.08608291718876517,-0.0006507451261073465,-0.5230529696558951,
20180316,0.005050043464245515,-0.004307503172711228,-0.0001301998569640551,0.0002290688361866241,
20180319,-0.001026646223917905,0.05204232090267892,0.2926501796943739,0.0013733121865399235,
20180320,-0.0035547277843101218,0.00378801535905972,-0.29108889912742136,0.28771066307691684,
20180321,-0.0010313628967293922,-0.08517430298161062,0.2879745413790423,-0.00991259247958453,
20180322,-0.005361438794037286,0.08647240237576052,-0.28901512419926545,0.009140358540139875,
20180323,0.00160203587013157,-0.0816346586129079,-0.0028671986278529407,0.4055223310774799,
20180326,0.003384097984240494,0.08114806878693685,-0.000783392127804156,-0.4044070733802767,
20180327,-0.0065907403622375085,0.006560581640641996,0.5113740626875607,-0.008438142025510287,
20180328,0.0023588254556573566,-0.011043696197913216,0.4673958613296608,-0.001297858715599952,
20180329,-0.0017921996968008223,-0.015673713639425935,-0.29711750038744644,-0.0016463761788233992,
20180330,0.0,0.019414902401610683,-0.182414049675372,0.41670457276169504,
20180402,0.002545850227056178,-0.0015784223699085798,-0.2048196394621201,0.010803539432938417,
20180403,-0.0014135609949293623,-0.004937016618371898,-0.29337434797437667,-0.186333666490577,
20180404,0.006485899505048817,-0.07774388512298716,0.5209258018011494,0.012392235781174793,
20180409,-0.0012187691941294547,0.10485068371464613,0.005718717285384428,0.19962394991854204,
20180410,-0.006305013123339422,-0.004988336749017719,-0.5218283691979805,-0.19418751248808108,
20180411,0.0009435743293022167,0.0034876202164266156,0.28709756196266006,-0.22868094276020243,
20180412,-0.004063701665545772,0.0025453402224532365,0.21063137615662034,0.20757626334266588,
20180413,0.0031201273362436777,0.004190219152326203,-0.2212114121511908,-0.0007522653799791406,
20180416,-0.0020790028278331015,0.0039025980344846688,0.21978949864832664,-0.006933745556331747,
20180417,-0.001041124508410615,-0.07377896953085437,-0.01352985223224767,0.18500464464071723,
20180418,-0.0006630985891622231,-0.009277701603522289,-0.21774947170853964,-0.4128782960959549,
20180419,0.0013257577699406888,0.08586701955600579,0.009814205167520655,0.2283557617300808,
20180420,0.00264625426136873,0.00579802611497115,-0.2955721155287687,0.0015136923214978503,
20180423,-0.0008498182844666364,-0.09066251480809173,0.29527612618222426,-0.22503602499730685,
20180424,-0.002080379000910023,-0.015268600118475296,-0.015713898675982742,0.21341844049059724,
20180425,-0.0011365790198723255,0.08552339388379954,0.22953845720005764,0.006931475731451087,
20180426,-0.004654484774375112,0.005248759508007725,-0.5185579646512514,0.32815863189312355,
20180427,-0.00238310965461038,0.0012909218293894428,-0.0018754191699123944,-0.15267581441064298,
20180502,0.002097436177449808,0.023199367134254592,0.2964927021339359,-0.18088524092825364,
20180503,0.0015226497041570498,-0.005699537511819569,-0.0015961695328222147,0.18724033771121368,
20180504,0.0009504800639524294,-0.0026278297680378143,0.21753680855297397,-0.001844593559684181,
20180507,0.0018034269991507267,0.003939159622005348,-0.22414807174021528,-0.6899213713110628,
20180508,0.0015161568335993793,-0.0024239740561624854,0.0033110951837868117,-0.004958211368363054,
20180509,-0.17595986393689145,-2.2265516282529746e-05,0.23098610271073036,0.00530321740939099,
20180510,0.1779463376544941,0.00419939959229193,0.18626278737870394,0.30529087002734884,
20180511,-0.0002835404773025145,-2.2172703186025918e-05,-0.39359027609763453,-0.002205446648456604,
20180514,0.008565161309024495,-0.0018420503005932515,-0.01032508312233453,-0.28677668533696843,
20180515,-0.17466583832682295,-0.09398045584241198,0.4166376765317202,0.004176785436630207,
20180516,0.19314447359421077,-0.0016852084243202683,-0.19185466725397804,0.28556763854352796,
20180517,-0.0003680868726569216,0.08096363054085902,0.009037744726594476,0.5458661421852917,
20180518,0.0024819611031201604,0.014613174456682067,0.014986497823862343,-0.1394137418571866,
20180521,0.01004849964175325,0.004676582434141186,-0.5110825610747012,-0.17465954494734476,
20180522,-0.004737618190756565,-0.009821646403842914,0.2949471505733189,-0.23052365861183238,
20180523,-0.004026359758639991,-0.004072413943128436,-0.2913560219224099,-0.2868368353124559,
20180524,0.012211944345079419,-0.08613935616886739,0.5190619994233708,0.0043837534374401976,
20180525,-0.0034479663956829393,0.08207280297391287,0.16792104193195764,0.28346728074491084,
20180528,0.0011809058010401202,-0.07663780830078155,-0.4167028188702358,0.21237450392074142,
20180529,0.0036248340551031702,0.08332424498761186,0.00584512136650003,0.006807841665346209,
20180530,-0.003897227029048764,-0.08863705450120078,0.005424792921860379,0.015016611595592234,
20180531,-0.002090814815573871,-0.004285388508230149,-0.2850127885179091,0.0012023246388601762,
20180601,-0.006115668734825101,0.08179110330150079,0.51133936639224,-0.002071570121696241,
20180604,0.0024690241613259966,-0.08666196164016382,0.0,0.1951274744407027,
20180605,-0.004210147167043171,0.08573439124233448,0.1767849431528334,-0.010845613171898132,
20180606,0.00027511577962504056,0.0005204503144008666,-0.6989743255691392,-0.18535274016105008,
20180607,0.0033868859324361245,-0.07822326170694972,0.2852765841807203,0.17371298927237766,
20180608,-0.008166306795092925,0.07539145754233276,-0.009515939762580446,-0.19393892988567096,
20180611,-0.00036859565474452335,-0.08349702104176573,-0.003950622422193765,0.0025251676956688186,
20180612,-0.0016603638165493448,-0.0003700003742214871,0.22098387303944383,-0.011517231579393996,
20180613,0.000646024663693605,0.09137072935558974,-0.23403251677109735,0.32661301577112434,
20180614,0.0029479523882505057,-0.08514830123136606,0.0009019392303573295,-0.5466070123893981,
20180615,-0.001380770689295313,0.0005392553504700469,-0.005625328746703381,0.0018884125783566082,
20180619,-0.0014749265210678676,0.09033444517765749,0.5298042518928991,0.17851246479418206,
20180620,0.0042345640005081306,-0.07094416345597507,-0.5736655132758716,-0.4988223897472791,
20180621,-0.002207100399354721,0.0763920647573389,-0.2753734737432651,0.49839188102282855,
20180622,-0.0003683241293942002,-0.00031178317959626304,0.28428011825609234,-0.20970617770485675,
20180625,0.002575424528748934,0.0030690561174179687,0.0071722151430382245,0.0030048630651996677,
20180626,0.002660429989899024,-0.005209620616528861,0.0008282431366938116,-0.007262453317840958,
20180627,0.005664184703272167,-0.08326030418496903,0.013465794262954198,-0.0008892841848841728,
20180628,-0.0010025977233227542,-0.0015781107224066393,0.22555029134477478,-0.0048158480661487655,
20180629,0.006091204796312259,0.005210427773006006,-0.21690895256256343,0.23611113688308358,
20180702,-0.0023593477369143858,-0.014363865616491998,0.40664536756500747,-0.20825319999091738,
20180703,-0.17315141195618047,0.08288125082918794,-0.39898172211118477,-0.29588814207140324,
20180704,0.1729696928933507,-0.011555048488087308,0.5496792332663322,0.27249011802183803,
20180705,0.00018171906282960285,0.0018477757815144433,-0.5660863260438344,0.0239195364473042,
20180706,0.001089621464385231,0.0034582429296352636,-0.2847930267157839,0.2211255275960593,
20180709,0.0005443658272698132,-0.16902373451430286,0.5168622134330038,0.002087538159803556,
20180710,-0.1784650570793278,0.09059986012165959,-0.013695494083606848,-0.5322074202744567,
20180711,0.17655847880874626,-0.013926733693037749,-0.24717203662415768,0.29243463847957535,
20180712,-0.0014550748293006583,-0.09746220105287097,0.0003152419508059983,-0.002299664908749858,
20180713,-0.1745614279215202,0.0008234519569385225,-0.2974657155101017,-0.005060155499535975,
20180716,0.19972450970261896,0.1763959124942725,0.6927934611971968,0.21857635576369028,
20180717,0.0,-0.0871075640107292,-0.17931186841963084,-0.219199547415286,
20180718,-0.00017750954160398674,-0.08827369070634619,0.19077915789074404,0.0005341880468907944,
20180719,-0.0006215316515287876,0.09552444754514322,0.4056049975956975,0.23413763395492818,
20180720,-0.0005330490531334694,0.0034071583216143558,-0.5920761706171934,-0.5243447727316417,
20180723,-0.00937465014815821,-0.004129872768731861,-0.20655068948473637,0.5150759477511572,
20180724,0.001971503461407613,-0.0019214698913404638,0.2152785058812268,-0.23362981620077286,
20180725,-0.003138312371778424,0.006299586337339405,0.1824190342175643,-0.2778831824130315,
20180726,-0.00044913542187752426,-0.08537901804939134,0.16573036551631234,0.3038517618087877,
20180727,-0.002338761523004727,0.16937005205348246,-0.1476534278480778,-0.28984246800200236,
20180730,0.005836679794240755,-0.0819329864385136,0.15751497759567581,0.5227717532365757,
20180731,0.0051795079179529245,-0.0006194482153551343,-0.343412150060322,0.33557080467028594,
20180801,-8.907495663482608e-05,0.07701428286921447,-0.22367893835004055,-0.3347394342468982,
20180802,-0.0016047074853016573,0.0029788523665871813,0.013299428760928475,-0.0022879338853442877,
20180803,-0.0023224664302523676,0.010356654192022918,0.21768150700061725,-0.0026410913322663654,
20180806,0.012265730170583265,-0.16900959083808198,0.006355953600698506,-0.5049736635497791,
20180807,-0.0015028955664428713,0.08722363168265167,0.004134079571603657,0.2907332247569584,
20180808,0.008720601400796061,0.020672947903131123,0.1892141050910738,-0.2839527586255782,
20180809,-0.005364300776196672,0.003484282219228981,-0.18171920761401156,0.2916827636197278,
20180810,-0.00044097544481413564,0.0038067921712943826,-0.5144451732636186,0.40876788430106853,
20180813,0.008345460655262005,0.09733499258248333,0.28878943653534334,-0.006215981920419955,
20180814,-0.0006125574464128071,-0.0036271664279467234,-0.30190216243913437,-0.4053793043413263,
20180815,0.0008749672445509688,0.0068955322338979585,0.5159289221187437,0.22979661718388733,
20180816,-0.005261323957171592,-0.02833882755010193,-0.22943819722179548,-0.23074086378823097,
20180817,-0.008032880728298863,-0.0016909560153322008,0.010772461897402993,0.413675896624738,
20180820,0.003185561493974142,-0.10608573359531587,0.5632049551097703,-0.4142772453821749,
20180821,-0.000707026101039131,-0.0014123421206157743,-0.152329796675241,-0.28296690232872124,
20180822,0.006345310793835578,0.11366956446864228,-0.1682917500845255,0.2937362371810856,
20180823,-0.001846560208144498,-0.11597820302552148,-0.2337275589866399,-0.007680529307778044,
20180824,-0.0012329371883302166,0.030110959861471536,0.2260048980985059,0.0066598606812778025,
20180827,0.0018488362003645082,0.079049766751742,-0.24104581153922164,-0.017166330045260726,
20180828,0.0023720634886922787,0.004380072147769889,0.5614158639085206,0.00440548373732937,
20180829,-0.0043971577312863774,-0.02143724041878688,-0.14388658252115163,0.2215908899136977,
20180830,0.003870518554715361,-0.0008163080655557565,-0.18628195801005157,-0.22357527432743435,
20180831,0.00874131440157358,-0.08306999244570591,-0.005665737535677308,-0.0045010030112604205,
20180903,0.014687089061682116,-0.005412833443374591,-0.2216227926696228,0.23303633159694565,
20180904,-0.0018885746878681362,0.08391281850380028,0.4205135697153381,-0.2185670411796788,
20180905,-0.0004297193998488014,0.0007517341493224889,-0.7067446304225485,0.22316065249333655,
20180906,-0.000515907148158217,0.003795588497114611,0.29047692232221983,0.0019817548427308374,
20180907,0.00034396767043065097,-0.001884629478929831,-0.009425904684385946,0.0010235066227325073,
20180910,0.004289642816657373,0.0055076577615653785,0.001729664164246371,0.004898302194715947,
20180911,-0.0038598495406039087,-0.006462680800181044,-0.6775131942672897,-0.5206006504518429,
20180912,-0.003874805726347202,0.003066476752419213,0.3738799681347785,0.28876657839443015,
20180913,-0.18275301902613025,0.0022880453998418877,0.3074887503890759,-0.00531961786426353,
20180914,-0.001036269522785335,0.007798804347483738,-0.297757980809727,-0.28802624729599763,
20180917,0.19425968973004518,-0.07105739912090678,0.7183320009783766,0.29403021078149455,
20180918,0.0012798090565581796,0.08157687657735362,-0.008145868639260758,-0.004456640903935013,
20180919,0.0012781732386484082,0.007591639218292236,-0.19944234498218916,0.21635194401124555,
20180920,0.0021266649161922487,-0.008347312358957474,0.34389205948318985,-0.22975523169752218,
20180921,-0.0036606689667932767,0.001111086534606056,-0.02081393111078434,0.4023553184916212,
20180925,-0.009339856249902759,-0.08000569270838175,-0.15426917727970174,-0.6855496378521952,
20180926,-0.00293128927884224,0.07700292123163888,-0.39391858807341507,0.30156720000101733,
20180927,-0.0037195665910673623,-0.00037876678445366923,0.22207697206061908,0.21875787992505696,
20180928,-0.002516379478739442,0.00040104271642398177,0.157007958458601,-0.5167493220356992,
20181008,0.009339396836549416,0.014770533424971932,0.025970089414240904,0.006427199905282702,
20181009,-0.0012919342049323795,0.006279627230353843,0.030564479493320473,0.5257914414760346,
20181010,-0.008134347379054312,0.004027040999856852,-0.18513681415107006,-0.22376925419340915,
20181011,0.008565177595532754,0.0024301348532918907,-0.014790077493699866,0.39671510537605464,
20181012,8.614377401209254e-05,0.0032022183233473573,-0.22874671673089875,-0.3939278237032998,
20181015,-0.006134723521201102,0.017346302980030363,0.24473291892364504,0.22010249473843077,
20181016,0.0006065069717610602,-0.00404195670167534,-0.23148635281227214,-0.2231435513142097,
20181017,0.001211911505671593,0.019295918409654784,0.21889546511819633,-0.2889236776680028,
20181018,0.0041440100743554455,-0.005514276623618075,-0.22403168669211562,0.504116927193709,
20181019,0.004384275236872505,-0.0017887021951117639,-0.0008080808520535441,0.17635710901168078,
20181022,0.005815958918665325,-0.0021084599191762295,0.2243554278511361,-0.39919370784995506,
20181023,-0.0021342903052024654,0.0010337008462253045,-0.21971785526884208,-0.003159290507202658,
20181024,0.0012811207286662334,-0.008065840305320432,-0.010820755831458473,-0.00867516713980015,
20181025,0.0023018894174570885,-0.07471639987754101,0.40380299208975434,-0.004582602805850576,
20181026,-8.5160740949965e-05,0.09620722844975449,-0.004900635999002289,0.0007796595881579253,
20181029,0.004418769936318264,-0.006993692455224129,0.17058538008349397,-0.0008663259659909811,
20181030,0.007770309366156464,-0.0007964119966578104,-0.1781191462829194,0.21684886360800973,
20181031,-0.00963740657324251,-0.0049603901865900015,-0.1771924261394883,-0.007915701028469939,
20181101,-0.0007648183929220399,0.001242406216015188,-0.5239614233670264,-0.0039461681819780116,
20181102,-0.006310783352671012,0.0005259780683215047,0.6690901940523356,0.17276772055712497,
20181105,0.004183213510509572,-0.006414742091082578,0.009115704574180358,-0.3969179211391013,
20181106,-0.0011934192874967252,0.0005713983542588242,-0.6924439951009721,-0.2912517663284056,
20181107,0.0008525876550222038,-0.0009736893007275358,-0.003238755207341945,0.2844258012580058,
20181108,0.0026384116756575852,0.0049643619250886424,0.27218890489600917,-0.0060671135429262455,
20181109,0.007030054786171824,-0.0004637045863376935,0.004929813863649179,0.2143345055859682,
20181112,0.003706828170353657,-0.010384089239260407,0.40003380768459107,0.17791799063715893,
20181113,-0.008359770028018233,-6.390933398002102e-05,-0.004596718573033245,-0.3988069529095741,
20181114,-0.003142386551162,0.007386373099190868,0.1387191224708371,0.20582481974795114,
20181115,0.005429263421281286,-0.000634611744692157,-0.3490589510740013,-0.5077507256700475,
20181116,0.0045581238705315165,-0.00021162677580945265,-0.22723863404222913,0.514473931351466,
20181119,0.0027753266205544406,-0.004730949814472747,0.4112467564128379,-0.5107042424464268,
20181120,-0.005980727931074833,0.005534893412473411,-0.19535512819140863,0.2853733041864165,
20181121,-0.0029614608943515836,-0.014184634991956413,-0.02207675397927976,-0.2828276939869827,
20181122,-0.005693663139943469,-0.0011804476339899752,0.03324606099907896,0.5132440046302722,
20181123,0.0009370076072079009,-0.001461391590597731,0.47247746389523715,0.16900869490648812,
20181126,0.001701404068449606,-0.011072538028362465,-0.1449050552355877,0.16175368971081816,
20181127,0.003817608029945147,0.0022156582180835245,-0.16618705192637362,-0.3433044769817452,
20181128,0.0032124467562267083,-0.012906504568246034,0.16561055381605352,-0.5003387820796728,
20181129,-0.006095514978977286,-0.0058196090532640415,-0.35009702323161923,0.2900995763488607,
20181130,-0.0018699537960617267,-0.07530253041987307,-0.49745716525695594,0.21944239682973637,
20181203,-0.02193353312393095,0.0799785281762966,0.2855487981907889,-0.22307084783531625,
20181204,-0.013835597233334366,-0.006977902269983093,0.011954781781855543,0.22640974910083095,
20181205,0.0030813952276917507,0.0008638352605391379,0.22580548722501312,-0.23005141372261967,
20181206,0.0036851844811824704,-0.0052610086161454205,0.003538261099598604,0.003096259645083518,
20181207,-0.011450842991554563,-0.07912318101663009,0.17152023849376147,0.21917131526447373,
20181210,0.0011510028275008293,-0.011142986281970534,0.1629316678739869,-0.24290966426937802,
20181211,0.004062174430838556,0.0032102756302481894,-0.002657892970850549,0.40422287192357326,
20181212,0.0020249159535922403,-0.10346298188163491,-0.3368398347518694,-0.1868314001151643,
20181213,0.0007033585660110306,0.1057428208551026,-0.2323265160362148,-0.005710008000984224,
20181214,-0.0006154116858698532,-0.11404409207726753,0.4093387720699367,-0.23542480642674468,
20181217,-0.0059096092603594386,0.0019801718097743415,-0.4119171043093415,0.4215441455213563,
20181218,-0.005499880802343099,-0.0018172699849137266,0.4114709081243525,-0.4160292508744768,
20181219,0.007532491638693262,0.192831268589596,-0.15914677537666821,0.00652145404694134,
20181220,-0.0017672532654684756,-0.0820801232331499,0.18048837571229362,0.23507398396256907,
20181221,-0.002834117564365993,0.08471829324833964,-0.7147863556634265,-0.5172757326691105,
20181224,-0.01609332900418483,0.005588659132585019,0.9948488215640661,0.30040528520243887,
20181225,0.00816844001483907,-0.004562102470241101,-0.48724266042504855,-0.03578536263843584,
20181226,0.001697110853493981,-0.09883164064738129,0.4776218851232664,0.42452174506762264,
20181227,-0.0011608698897102756,0.08542610245858803,-0.7001162383980872,-0.19309048423891922,
20181228,0.005257776225754883,-0.0883110399183139,-0.003923991805592344,-0.001446352020114066,
20190102,-0.003650776504866282,0.08102805007428102,0.23648928265648797,-0.22443943135987163,
20190103,-0.1720621437798728,0.0014790377575344767,-0.21823410073149316,0.014294748072830288,
20190104,0.1757129202847391,0.005396960876412589,-0.29276889089590624,0.23326231231044384,
20190107,-0.0034723802863930067,0.010147802721345073,0.8796482148576177,0.0041598633749918325,
20190108,-0.005186455335179909,0.001297597389998902,-0.16024131971411665,0.1956374961934005,
20190109,0.004026310633194486,-0.08837206669693877,0.2983698940529396,0.002131223214968793,
20190110,-0.1830182902144273,0.08957866290177943,0.10459629401774391,-0.40227676562130943,
20190111,0.1744091436859994,-0.18351473837282825,-0.2497415771473923,-0.024210691443346786,
20190114,-0.009774718065404074,0.1729863167844188,-0.007999794608783606,-0.2693397104812319,
20190115,-0.1804134193743254,-0.08660114750150429,-0.5719731288739458,0.27110855142094525,
20190116,0.1942329049873026,-0.002093932059498157,0.027527169187790593,0.04634665521179746,
20190117,-0.0032345041676591518,0.00039448704868204554,0.69475567374895,0.1999842621827558,
20190118,0.0012591062010589376,-0.005066179946958691,-0.2764944857311948,-0.21817554298190311,
20190121,0.005646441172482592,0.08711873293663293,-0.16555258287956917,0.24358786445806432,
20190122,0.0032122808027339406,-0.010294426744617361,-0.22644147327468586,-0.22495267190128332,
20190123,-0.0016940844852252146,-0.0015843679047030917,0.5478083530679134,0.001153249185257634,
20190124,-0.000982099092374614,-0.08991525407152676,-0.3167928770579638,-0.00017733640762915151,
20190125,0.010838769933086415,-0.09997231039637013,0.3231195332946603,-0.26405053067580686,
20190128,0.37878014362999984,0.18322417792796739,0.023858698473299373,0.2796242913973218,
20190129,-0.1261558610854464,-0.00805978325636015,-0.5526027266397717,-0.0007860605671355002,
20190130,-0.00048057120243859204,-0.0020543475335975865,0.18939661888893314,0.019125674926915748,
20190131,0.31680742937983497,-0.009367914960230145,-0.20252770620936383,0.20630446940145625,
20190201,-0.1853726537222762,0.0032734795201209447,-0.29209769988299733,-0.2296329348593039,
20190211,0.16597663692810097,0.004387052349422076,0.8473373720233857,0.2376902125947112,
20190212,-0.17897622910887834,-0.10144332448134355,-0.14846741926903545,-0.23497389109978276,
20190213,0.1099341744720641,0.0065848322526416364,-0.1821428171827186,0.020440690897775705,
20190214,-0.03577173970636719,0.091928104375744,-0.22524920639331944,-0.2919205804295473,
20190215,0.11104228494443473,0.009579736337677685,0.3973034913550066,-0.004833150950251626,
20190218,0.1886668011660896,-0.00025582287893743895,-0.6905808535055366,0.29340450758691666,
20190219,-0.26058205048657757,-0.0008842556540243979,0.29986852916375417,0.40520701028765826,
20190220,-0.1006813324664132,-0.0030076613059948263,0.39383266803086037,-0.40426122112812307,
20190221,0.016458695528416247,-0.06944163152381044,0.14572823919209102,-0.002581534864538708,
20190222,-0.06158422767364211,0.07435644756174464,-0.1496823215524063,0.22744241443869695,
20190225,0.0978047885120206,-0.003211695182980826,-0.19737839084562503,-0.2399274040775678,
20190226,0.06061285670519968,0.009858238334512262,0.46671711687860057,0.004352753455520973,
20190227,-0.09508700242981975,-0.001987015741218079,-0.47556221621884237,0.21568004929542478,
20190228,0.050235449407430036,0.00410829852883104,0.34095316368142303,-0.23506407068210636,
20190301,-0.07992083819559627,9.212768904202731e-05,-0.5466099768843414,0.03207246575276924,
20190304,0.065986488290908,0.003196176509962988,0.23420491840072388,-0.27826320791305853,
20190305,-0.21135606904037624,-0.002275366131825122,-0.5261633477497006,-0.00249546408992634,
20190306,-0.03956323031948838,0.0052096001789356545,0.5179102059929801,0.004080250475497814,
20190307,0.23110241191580688,-0.0015118892328755463,-0.5238290507808129,-0.01297832424249307,
20190308,-0.10253622489606447,-0.0022261756855781185,0.301752233166729,-0.00022920009268335862,
20190311,0.14941981079491487,0.009489798301942291,0.21889076645749977,-0.0010320510061173761,
20190312,-0.18351588526511267,-0.08821417980979025,-0.0037018383178989626,0.28083213920640127,
20190313,0.07767719222521972,0.08470316439327005,-0.0063417115256405795,-0.2917914690609867,
20190314,-0.07841116169835112,-0.07421865896550132,0.4760608262618514,0.2807271927539709,
20190315,0.06898619656563212,0.003952525798207577,-0.47614565469639347,-0.2954505248578635,
20190318,0.06884541852885065,0.08270416092149122,-0.21810874133005173,0.006219582333005937,
20190319,0.2528962780186908,-0.005360245337191927,-0.019174000277003524,0.281050398157567,
20190320,-0.0014235521153105482,-0.1721592896142867,0.5864473683108514,-0.00017666283943125268,
20190321,-0.16802482274707967,0.17621039789199053,0.0032256165593872125,-0.28251288800922864,
20190322,0.029103698999027552,-0.08225294064767676,-0.34689130804126833,-0.0068195443597556075,
20190325,-0.12081454351734938,-0.09398439581091424,0.17437363497826022,0.4999598197242063,
20190326,0.15320365847364362,0.08771154398112477,0.15050960985472514,-0.21292684887961402,
20190327,-0.0078029713721350915,0.0787891033975426,-0.14909327932973954,0.22161945794317883,
20190328,-0.05943066367215086,-0.005878669643345308,-0.21108016975427207,-0.2319435083463173,
20190329,0.02255774747480096,-0.0023657777327612023,-0.2295659838762515,-0.2992595389806009,
20190401,-0.1969367572494869,0.006897922461643852,0.40374106461673476,0.2938773946643723,
20190402,-0.025891203908516347,-0.1749266721870245,-0.39280601853053587,0.00026979630542709203,
20190403,0.17440729050395612,0.17666084261592435,0.41207723994325535,0.008149420465837035,
20190404,-0.041920026804992024,-0.07700755066443439,0.006103490745874024,-0.0011601447019853179,
20190408,0.0101686567165008,0.005892190276876228,-0.16696297797717394,0.011982569146870951,
20190409,0.04902220020526222,-0.00017136492201991451,-0.226617983859009,-0.009396399247791438,
20190410,-0.12785680704889413,0.0044459717557728835,0.40078524421706685,-0.29089349358823696,
20190411,0.0007089903350271349,0.0012179676064751274,-0.18411420740847453,0.2877714179957313,
20190412,0.24513585565705054,0.006333819633563478,-0.005569135757983865,-0.00017869907124038609,
20190415,-0.05090371357537883,0.09198832744005339,0.19294737785318433,-0.2924891280621209,
20190416,-0.12829253217688205,-0.08730628678849009,-0.20174964386787103,0.5038577916346293,
20190417,0.026531587557007564,0.0016599909986293418,0.017186983172834257,-0.2149493674251738,
20190418,0.041060195162725376,0.0045807282141289655,0.32152398189563225,0.21183421295179145,
20190419,-0.03721883559046759,0.0953493339869755,-0.3324895676577205,0.007949741946811457,
20190422,0.04050291079165748,-0.0870568592648983,0.1823359133681892,-0.5213423881671688,
20190423,0.03395082037148165,0.009423893832488522,-0.19124793428298614,0.2989543820507135,
20190424,-0.039907791584688074,-0.0003056486240217378,0.18476656347346312,-0.010938951008073638,
20190425,0.047284078669181016,-0.0004939375151874732,-0.004489507902798802,-0.2993549416843215,
20190426,-0.08421160550968698,0.0677608852047031,-0.20491317749175852,0.5017595125437007,
20190429,-0.04111658458628363,-0.007170861992563955,0.18260360027505323,-0.22809304321133184,
20190430,-0.0707230841830336,0.013679261488351946,0.15955349798772275,0.2303919800390377,
20190506,0.2437356921413818,0.0060104710560112745,0.23843786367850978,-0.22648245257972438,
20190507,-0.21193405571242524,0.008108941515161153,-1.111151952403412,0.22611201360530855,
20190508,-0.04081439715046455,0.000990184341278745,-0.0027293421037090137,0.0018508241448499721,
20190509,0.049347749988044975,0.00918763891655368,0.2849071965859149,0.1858287131345594,
20190510,-0.12034371165569843,-0.0023477696311200165,0.018554667391558928,-0.7006069112163734,
20190513,0.16771526071818396,0.0037537901861339927,0.5575158055986451,0.006292044692696531,
20190514,0.019409243576854397,-0.09284589629806818,-0.1713288574787605,0.5165159582196754,
20190515,0.1129108576523126,0.0962674639923496,0.008572022903988886,0.1883079559591371,
20190516,0.07060784023035678,0.018539290024234253,0.3011307741521659,-0.17301713816071984,
20190517,-0.10905042665669441,-0.10386448033412184,-0.45684371806777074,-0.22216852279863522,
20190520,0.3143616793973762,-0.008935365513297515,-0.19068832308316286,0.013889734480607367,
20190521,-0.12564215924717112,0.004094647788737969,0.20418901030206546,0.21339610100958614,
20190522,-0.027830518844786566,-0.008182722161727175,-0.510303294164144,-0.22728583549019366,
20190523,0.2072703803514665,0.08446248525588194,0.2761933526185363,0.21221963713554937,
20190524,-0.2848918466703217,0.009868325098874147,-0.2866921367167559,-0.5092698842329945,
20190527,0.27984609761751517,-0.005553671143847399,0.5272251538991322,0.28232404696904595,
20190528,0.021600278215870083,0.008552620569600699,-0.23635993842703104,-0.27482249938953285,
20190529,-0.11588836285454851,0.007257985457041497,0.9263875324015816,0.8637277895163477,
20190530,0.028794421713740685,-0.0018993358036525163,-0.36032680435750347,-0.33930172624953814,
20190531,-0.012905170988476973,0.012761486259015437,-0.17795083363461006,-0.22956753711685618,
20190603,-0.20096593908949392,-0.000834585259593054,-0.3973580061227937,0.39931272003968227,
20190604,0.20509022318686612,-0.004476901266229789,0.41065018233173045,-0.39599715626935533,
20190605,-0.21843618805220041,-0.005276613354953981,-0.40326682188546675,0.22632331783341433,
20190606,-0.01947593905868284,-0.0027438912905462416,0.4038535042138228,-0.017415523641942456,
20190610,0.03395210567710351,-0.0006554257859242814,-0.6896342963853691,-0.20542487037589185,
20190611,0.010638016724633131,0.008696897209565345,0.29256493023842634,0.5519578135513027,
20190612,-0.13304913592556256,-0.0013637557844024028,0.19801027457913295,-0.344864644090472,
20190613,-0.02491741036670308,0.007404807193884157,-0.4933552197764829,0.0046276293718759505,
20190614,0.07725185752784713,-0.0013764052974849954,0.005260862637730243,0.004319039250681762,
20190617,0.057135499936077194,-0.004475964888363468,0.00043715847690728763,0.1895144164478348,
20190618,-0.2077479926398995,-0.005106930660111873,0.29584360641075763,-0.398005037986658,
20190619,0.24986826269951165,0.007138238619978695,-0.03159837941099597,-0.2999674579853568,
20190620,-0.04197420291715616,0.004321103906540111,-0.005046268067624272,0.5065168199721721,
20190621,0.10166332920650274,-0.017291618213915352,0.01195745375294245,-0.2307289227034663,
20190624,-0.15170183795931988,-0.010910206454737987,-0.28686777030070343,0.2216921722495627,
20190625,-0.019015221450642703,-0.0012005575458515676,0.506316434601419,0.0014513790646469855,
20190626,-0.061477576835223965,0.0062016365736402256,-0.02273440269020138,-0.010130912784369688,
20190627,-0.06939315605102203,-0.010759705998990851,0.34796847827381755,-0.20488765025546843,
20190628,0.19136799968966967,0.0088391727809601,-0.3420548004837699,0.21145893558426504,
20190701,-0.21568311189285594,0.011278195263330936,0.03494116590323247,-0.49477484182479425,
20190702,0.07977085773302839,0.002194093707209668,-0.013049030160409075,0.28887496296661125,
20190703,-0.0972555934239947,-0.08077002259605288,-0.2505160250448817,0.2077902385893516,
20190704,-0.02422231184103741,0.0069894532495739835,-0.2663626704341863,-0.22065880762380624,
20190705,0.016348622988337086,0.08780134855015984,0.28298355167022676,0.002442445467679434,
20190708,0.08317662636185232,-0.08650899254164895,0.2169797183332509,-0.2745176889443792,
20190709,0.08387024808876872,0.10829724243805969,-0.23337260139228902,0.5052220323520775,
20190710,0.05029345565388096,0.0009348644111417222,-0.0014829181979466967,-0.22009940893298155,
20190711,-0.005950897585829793,0.00010156305551021297,0.2137848262497397,0.2101505127990138,
20190712,-0.09201767988510501,-0.10727389031975151,-0.2144699924293362,-0.23056122767854056,
20190715,0.07178400370677275,0.03575775136789005,0.00649020211588922,-0.26423645387710015,
20190716,0.13618285014293494,-0.011696809788962809,-0.28153447346427474,-0.005003584420474533,
20190717,-0.18844372521957217,0.0052398790108172805,-0.0028616632225467492,0.2775991638388754,
20190718,0.2045959892551726,0.12176669721982096,0.4958727558142371,0.0027107633839878083,
20190719,-0.1482657753670486,-0.10101297792525385,-0.21853815188788073,-0.28786256157780105,
20190722,0.13267640325980543,-0.006278405503726756,0.020476986764280117,0.004562380347597483,
20190723,-0.15637031151368247,0.09979793437336079,0.20866067956485865,0.0025124138357826937,
20190724,-0.06336887600989335,-0.09679405300454458,-0.20843674047535485,0.2806975269034514,
20190725,-0.08347427062156092,-0.0011659039234172435,0.2150499819532879,0.23482489999415374,
20190726,-0.06358386712712054,-0.023630289544290525,-0.209913175571459,-0.21295586225672897,
20190729,0.15019381420788055,0.05754912379438453,0.23611321278722924,0.2325989724695502,
20190730,0.07281329771931518,-0.003053565211242802,0.18204298279776857,0.17996314774293878,
20190731,-0.14715352394282818,0.007408600693894787,-0.18618560033026996,-0.19433971671019712,
20190801,0.05657276032593738,-0.015674761952237697,-0.5145421133105459,0.34212468277238844,
20190802,0.11405807030933617,0.004215235866056855,0.5189485714848312,-0.33554501348708443,
20190805,-0.2507814401082399,-0.019946495301319363,0.21161054061482718,0.20404979054649652,
20190806,0.03061643911233739,0.023829832290330588,0.002913485805793497,0.009385978594690139,
20190807,0.13825035532047047,-0.005735852096827928,-0.408912468252622,-0.1809667358727627,
20190808,0.1428767103649458,-0.014239420622120804,0.22453103219211457,0.012212649245299098,
20190809,0.01857667864934227,-0.002846657102475282,0.49662977466922564,0.2127178225626714,
20190812,-0.16592717516212183,-0.007789340928807862,-0.12230435369283654,0.007061792614814948,
20190813,0.23766260331481634,-0.09674987810551697,-0.3306678600334773,-0.18030994065861083,
20190814,-0.1965328786780844,0.0005947212716771824,-0.004502483968315679,0.17079201603374267,
20190815,-0.13566245970491475,0.10263617255377207,-0.23556863531342837,-0.18239806663370384,
20190816,0.01092245704239065,0.0015869274845008417,-0.0015588467692910788,0.003992543838097731,
20190819,0.3404450073802601,-0.10384266395883368,-0.01445656855268519,0.18015272498728352,-0.002377466879180064
20190820,-0.219484017092417,-0.0014988048055404432,0.009347334770047379,0.005006268278144222,-0.13853115601631613
20190821,0.11635702419934735,0.11213244879961912,0.2256910041963116,0.0,-0.3369795370014707
20190822,-0.017526246492023775,-0.001469601874667348,-0.21095586159006188,-0.18196337310702013,-0.0052306613053516035
20190823,-0.09587554333120954,0.02454860116486968,0.5713193564816649,0.0009111617942456437,-0.0012840197158420876
20190826,-0.07076800751148632,0.02276166652019051,-0.827102522150688,0.3486739868668079,0.005404063403702289
20190827,0.17501401462797278,-0.12070201015904287,0.26439860357463846,-0.3515404383409007,-0.002559111271470988
20190828,-0.1926310505599196,0.08885231585339302,0.22884621442639194,-0.22881920465037697,-0.2273720644494875
20190829,0.059335734952343074,0.005274847915271079,-0.018612434151191015,0.22384862541718964,0.22307362368927297
20190830,0.20601306701965297,0.0015853814493389786,0.008406181031998512,-0.008229415415255065,0.3341518643207136
20190902,-0.11568881152662686,0.0015828719929200626,-0.21996845774703147,-0.2227800291105667,-0.32812808571772517
20190903,0.0004499775087174498,0.013559529785632294,0.22659397787365396,0.400275167130108,-0.9159015510947731
20190904,0.057498540217529016,0.001989478982167348,-0.22342893362652022,0.015217147537149013,0.9090382593600663
20190905,-0.0463391247862968,0.0024761858944636825,0.21128967694552567,-0.18546683164953479,-5.599260899026316e-05
20190906,0.026992751492318588,-0.007529399062914604,-0.4874179571450236,-0.005990209795586746,0.009085650973482929
20190909,-0.01703263226382494,-0.0022059363039217497,0.6692855406330656,-0.003439156828954245,-0.2219374206979471
20190910,-0.20549763973054191,-0.0019005914079638293,-0.18228027797617416,-0.5097661613440191,-0.00681220485076751
20190911,-0.004699370017258552,0.00478588255680092,-0.21486044107245905,0.2904083329697174,0.21943997278228092
20190912,0.0949862166893591,0.010114953456223113,-0.023506130166591165,-0.6988560447802655,-0.5079361218254753
20190916,-0.026150371842903676,0.034834172917852714,-0.23768187416067554,0.42170600058121993,0.00046526776999009437
20190917,0.13013974636752507,0.0016709755502480018,0.520453544833532,0.013514449699752564,0.29297088088272843
20190918,-0.08078332848788888,-0.007214981621695999,-0.00260941910607165,-0.011774373132362131,-0.2864797601682186
20190919,0.0013137611648958716,0.005976761748284646,-0.004284700675548958,0.5102169413272505,-0.39988867132416106
20190920,0.2481746240188508,0.005902151510088566,0.1853518420935773,0.17107055657373302,0.3989639440527906
20190923,-0.014508419280374845,-0.013244966073729922,-0.19157344627353817,-0.4002010722645233,-0.3996535516933877
20190924,-0.10358040159955642,-0.0038309279774330356,-0.23121734343994782,-0.009313126199941993,0.6892073102484038
20190925,-0.23469637232919946,-0.016563442634362293,0.3986529548299968,-0.28522862468003624,0.0024210574548540085
20190926,0.402177444798943,-0.005006750300981982,-0.18153680794095278,0.0012107205265192243,0.21762885692644568
20190927,-0.04100274853029401,0.001279408803421037,-0.007575485256905128,0.2741155973189915,-0.2304927828835486
20190930,-0.06162666812274151,-0.012930026023396293,-0.22580448830543554,0.21248315072591942,-0.005192265383869875
20191008,-0.12127551244333122,0.0071087191303708915,0.22277455518448225,-0.21114602868147178,0.0032307936516668724
20191009,0.1838139087684745,-0.00480873454492916,-0.48595899603586296,0.41466490697762176,-0.28775219622026094
