date,LastPx
20100104,86340.0
20100105,86622.0
20100106,87100.0
20100107,85560.0
20100108,84070.0
20100111,84976.0
20100112,83908.0
20100113,81732.0
20100114,82206.0
20100115,81850.0
20100118,74072.0
20100119,81192.0
20100120,80434.0
20100121,80362.0
20100122,80048.0
20100125,80718.0
20100126,80268.0
20100127,79940.0
20100128,79424.0
20100129,79396.0
20100201,78608.0
20100202,78350.0
20100203,79198.0
20100204,78960.0
20100205,79002.0
20100208,79646.0
20100209,79662.0
20100210,79700.0
20100211,80236.0
20100212,79840.0
20100222,75024.0
20100223,82152.0
20100224,82334.0
20100225,81816.0
20100226,81932.0
20100301,82266.0
20100302,82452.0
20100303,82704.0
20100304,82870.0
20100305,82888.0
20100308,83582.0
20100309,84156.0
20100310,84376.0
20100311,83710.0
20100312,83322.0
20100315,75680.0
20100316,82588.0
20100317,82974.0
20100318,82602.0
20100319,82680.0
20100322,82974.0
20100323,83098.0
20100324,82834.0
20100325,82882.0
20100326,82420.0
20100329,82760.0
20100330,82582.0
20100331,82816.0
20100401,82066.0
20100402,82370.0
20100406,82102.0
20100407,82778.0
20100408,83242.0
20100409,83016.0
20100412,83300.0
20100413,82920.0
20100414,83024.0
20100415,83120.0
20100416,76574.0
20100419,83080.0
20100420,83014.0
20100421,83132.0
20100422,83210.0
20100423,83886.0
20100426,84100.0
20100427,84514.0
20100428,83830.0
20100429,83552.0
20100430,83206.0
20100504,83282.0
20100505,82920.0
20100506,82946.0
20100507,81684.0
20100510,81798.0
20100511,81810.0
20100512,81780.0
20100513,81040.0
20100514,80950.0
20100517,79330.0
20100518,72864.0
20100519,79888.0
20100520,80304.0
20100521,80266.0
20100524,80374.0
20100525,79834.0
20100526,79856.0
20100527,80146.0
20100528,80370.0
20100531,79852.0
20100601,79596.0
20100602,79736.0
20100603,79884.0
20100604,79880.0
20100607,78344.0
20100608,78190.0
20100609,77700.0
20100610,77482.0
20100611,77288.0
20100617,77356.0
20100618,71206.0
20100621,78248.0
20100622,78586.0
20100623,78478.0
20100624,78696.0
20100625,78750.0
20100628,78746.0
20100629,77726.0
20100630,77188.0
20100701,76896.0
20100702,76460.0
20100705,76416.0
20100706,75510.0
20100707,75510.0
20100708,75988.0
20100709,76192.0
20100712,76744.0
20100713,76742.0
20100714,76886.0
20100715,70964.0
20100716,78146.0
20100719,78536.0
20100720,78760.0
20100721,78904.0
20100722,79440.0
20100723,79948.0
20100726,80366.0
20100727,79968.0
20100728,80032.0
20100729,81144.0
20100730,81824.0
20100802,82684.0
20100803,83256.0
20100804,83732.0
20100805,83340.0
20100806,84182.0
20100809,86070.0
20100810,85854.0
20100811,85634.0
20100812,85614.0
20100813,86404.0
20100816,81636.0
20100817,88294.0
20100818,87904.0
20100819,87032.0
20100820,85986.0
20100823,85804.0
20100824,85632.0
20100825,85280.0
20100826,85112.0
20100827,85814.0
20100830,86864.0
20100831,85900.0
20100901,85834.0
20100902,85754.0
20100903,86352.0
20100906,87366.0
20100907,87524.0
20100908,88066.0
20100909,86734.0
20100910,87184.0
20100913,87262.0
20100914,87528.0
20100915,80224.0
20100916,87398.0
20100917,87338.0
20100920,90390.0
20100921,90520.0
20100927,93332.0
20100928,92960.0
20100929,92078.0
20100930,91884.0
20101008,92460.0
20101011,95106.0
20101012,96784.0
20101013,96966.0
20101014,98812.0
20101015,98714.0
20101018,97594.0
20101019,97836.0
20101020,97284.0
20101021,98994.0
20101022,91116.0
20101025,101346.0
20101026,101394.0
20101027,100942.0
20101028,101526.0
20101029,101334.0
20101101,101532.0
20101102,101822.0
20101103,101898.0
20101104,103060.0
20101105,106350.0
20101108,109162.0
20101109,110572.0
20101110,112170.0
20101111,112184.0
20101112,108220.0
20101115,98966.0
20101116,107984.0
20101117,105252.0
20101118,103816.0
20101119,104050.0
20101122,103648.0
20101123,102546.0
20101124,103028.0
20101125,104518.0
20101126,103948.0
20101129,103798.0
20101130,104662.0
20101201,106696.0
20101202,108454.0
20101203,108290.0
20101206,108964.0
20101207,110874.0
20101208,110362.0
20101209,110462.0
20101210,110082.0
20101213,111238.0
20101214,111904.0
20101215,104018.0
20101216,113086.0
20101217,113192.0
20101220,113120.0
20101221,112934.0
20101222,113188.0
20101223,114928.0
20101224,115526.0
20101227,116002.0
20101228,117114.0
20101229,116528.0
20101230,116196.0
20101231,117222.0
20110104,117996.0
20110105,117826.0
20110106,119768.0
20110107,119316.0
20110110,118948.0
20110111,118956.0
20110112,118214.0
20110113,118608.0
20110114,118574.0
20110117,118502.0
20110118,108062.0
20110119,118332.0
20110120,118490.0
20110121,118272.0
20110124,119638.0
20110125,119258.0
20110126,116170.0
20110127,116672.0
20110128,116950.0
20110131,118060.0
20110201,118266.0
20110209,119120.0
20110210,122198.0
20110211,122280.0
20110214,122730.0
20110215,121766.0
20110216,120228.0
20110217,119476.0
20110218,118856.0
20110221,118196.0
20110222,108148.0
20110223,115076.0
20110224,114392.0
20110225,113184.0
20110228,113706.0
20110301,113696.0
20110302,114286.0
20110303,114926.0
20110304,115126.0
20110307,115476.0
20110308,115092.0
20110309,113834.0
20110310,112970.0
20110311,112768.0
20110314,111062.0
20110315,100924.0
20110316,108518.0
20110317,108728.0
20110318,109590.0
20110321,110532.0
20110322,111348.0
20110323,111338.0
20110324,110550.0
20110325,110792.0
20110328,110594.0
20110329,110250.0
20110330,111024.0
20110331,110850.0
20110401,111736.0
20110406,111982.0
20110407,111978.0
20110408,112212.0
20110411,114266.0
20110412,113322.0
20110413,112362.0
20110414,111938.0
20110415,111506.0
20110418,111066.0
20110419,101422.0
20110420,111002.0
20110421,111046.0
20110422,111592.0
20110425,111732.0
20110426,111312.0
20110427,111008.0
20110428,111254.0
20110429,110282.0
20110503,110558.0
20110504,110240.0
20110505,109858.0
20110506,108494.0
20110509,108288.0
20110510,108764.0
20110511,108646.0
20110512,108618.0
20110513,108834.0
20110516,108602.0
20110517,99046.0
20110518,108350.0
20110519,109038.0
20110520,109142.0
20110523,109378.0
20110524,110038.0
20110525,110132.0
20110526,111458.0
20110527,111284.0
20110530,111844.0
20110531,111766.0
20110601,111602.0
20110602,111490.0
20110603,112098.0
20110607,112106.0
20110608,111830.0
20110609,112454.0
20110610,111636.0
20110613,111130.0
20110614,111164.0
20110615,111176.0
20110616,101986.0
20110617,110580.0
20110620,110520.0
20110621,110620.0
20110622,110362.0
20110623,109588.0
20110624,108856.0
20110627,107954.0
20110628,107524.0
20110629,107220.0
20110630,107354.0
20110701,106604.0
20110704,106906.0
20110705,107098.0
20110706,107014.0
20110707,106858.0
20110708,107774.0
20110711,108062.0
20110712,107880.0
20110713,108166.0
20110714,108014.0
20110715,98976.0
20110718,108130.0
20110719,108056.0
20110720,108358.0
20110721,109080.0
20110722,109288.0
20110725,108538.0
20110726,108430.0
20110727,108820.0
20110728,108684.0
20110729,109010.0
20110801,108930.0
20110802,109094.0
20110803,109352.0
20110804,109360.0
20110805,106884.0
20110808,106680.0
20110809,104836.0
20110810,105800.0
20110811,105722.0
20110812,105538.0
20110815,96788.0
20110816,105666.0
20110817,105636.0
20110818,105854.0
20110819,105422.0
20110822,105382.0
20110823,105676.0
20110824,106268.0
20110825,106044.0
20110826,105800.0
20110829,106194.0
20110830,106214.0
20110831,106892.0
20110901,107052.0
20110902,107000.0
20110905,107166.0
20110906,106654.0
20110907,106690.0
20110908,107060.0
20110909,107074.0
20110913,106802.0
20110914,106490.0
20110915,106380.0
20110916,97750.0
20110919,106012.0
20110920,106062.0
20110921,105818.0
20110922,105028.0
20110923,102908.0
20110926,100704.0
20110927,100258.0
20110928,99400.0
20110929,98212.0
20110930,98764.0
20111010,97600.0
20111011,97528.0
20111012,96554.0
20111013,96628.0
20111014,96708.0
20111017,96922.0
20111018,96062.0
20111019,96336.0
20111020,95154.0
20111021,95526.0
20111024,86906.0
20111025,95086.0
20111026,94806.0
20111027,95722.0
20111028,96452.0
20111031,96274.0
20111101,95792.0
20111102,95582.0
20111103,95392.0
20111104,95596.0
20111107,95464.0
20111108,95414.0
20111109,95696.0
20111110,95338.0
20111111,96838.0
20111114,97530.0
20111115,89792.0
20111116,98186.0
20111117,98622.0
20111118,98136.0
20111121,97958.0
20111122,97542.0
20111123,96162.0
20111124,94780.0
20111125,93796.0
20111128,94044.0
20111129,94412.0
20111130,93692.0
20111201,94056.0
20111202,94056.0
20111205,94540.0
20111206,94390.0
20111207,94606.0
20111208,94456.0
20111209,94444.0
20111212,93994.0
20111213,93924.0
20111214,93428.0
20111215,85862.0
20111216,93812.0
20111219,93960.0
20111220,94020.0
20111221,93956.0
20111222,94086.0
20111223,94446.0
20111226,94874.0
20111227,94190.0
20111228,94560.0
20111229,94536.0
20111230,94584.0
20120104,95136.0
20120105,95040.0
20120106,94956.0
20120109,94924.0
20120110,95632.0
20120111,95752.0
20120112,95704.0
20120113,95504.0
20120116,94640.0
20120117,94966.0
20120118,86876.0
20120119,94660.0
20120120,94394.0
20120130,94600.0
20120131,94600.0
20120201,94740.0
20120202,94772.0
20120203,94874.0
20120206,95298.0
20120207,95530.0
20120208,95544.0
20120209,96136.0
20120210,95550.0
20120213,95946.0
20120214,96040.0
20120215,88928.0
20120216,96990.0
20120217,96782.0
20120220,97254.0
20120221,97582.0
20120222,97756.0
20120223,97486.0
20120224,97862.0
20120227,98050.0
20120228,98188.0
20120229,98112.0
20120301,97856.0
20120302,97946.0
20120305,98010.0
20120306,97842.0
20120307,97362.0
20120308,97530.0
20120309,98704.0
20120312,98808.0
20120313,98876.0
20120314,99360.0
20120315,92218.0
20120316,101432.0
20120319,101466.0
20120320,101096.0
20120321,100806.0
20120322,100868.0
20120323,101124.0
20120326,101864.0
20120327,102010.0
20120328,102004.0
20120329,101568.0
20120330,100928.0
20120405,102554.0
20120406,103932.0
20120409,104254.0
20120410,104202.0
20120411,103814.0
20120412,103792.0
20120413,104244.0
20120416,103622.0
20120417,103630.0
20120418,103372.0
20120419,95218.0
20120420,104080.0
20120423,104620.0
20120424,103856.0
20120425,103636.0
20120426,103454.0
20120427,103580.0
20120502,103498.0
20120503,103244.0
20120504,103192.0
20120507,102126.0
20120508,102088.0
20120509,102604.0
20120510,102880.0
20120511,102064.0
20120514,101102.0
20120515,100272.0
20120516,91424.0
20120517,99184.0
20120518,98106.0
20120521,98242.0
20120522,98050.0
20120523,96824.0
20120524,96458.0
20120525,96346.0
20120528,96724.0
20120529,96242.0
20120530,96292.0
20120531,95986.0
20120601,95740.0
20120604,94556.0
20120605,94176.0
20120606,94370.0
20120607,94692.0
20120608,94230.0
20120611,94810.0
20120612,94710.0
20120613,94564.0
20120614,93984.0
20120615,85388.0
20120618,93558.0
20120619,93496.0
20120620,95020.0
20120621,94846.0
20120625,95586.0
20120626,95354.0
20120627,95128.0
20120628,95166.0
20120629,95150.0
20120702,95842.0
20120703,96046.0
20120704,96398.0
20120705,97086.0
20120706,97214.0
20120709,97488.0
20120710,97398.0
20120711,97320.0
20120712,96762.0
20120713,96638.0
20120716,89796.0
20120717,98416.0
20120718,98070.0
20120719,97520.0
20120720,97624.0
20120723,96796.0
20120724,95666.0
20120725,94346.0
20120726,93562.0
20120727,93754.0
20120730,94172.0
20120731,94828.0
20120801,95112.0
20120802,94736.0
20120803,94506.0
20120806,94796.0
20120807,94924.0
20120808,94784.0
20120809,94890.0
20120810,94722.0
20120813,94602.0
20120814,93906.0
20120815,85972.0
20120816,93606.0
20120817,93980.0
20120820,93926.0
20120821,93968.0
20120822,94850.0
20120823,96024.0
20120824,96330.0
20120827,97370.0
20120828,97206.0
20120829,97048.0
20120830,96952.0
20120831,97046.0
20120903,97302.0
20120904,97732.0
20120905,97834.0
20120906,97188.0
20120907,96658.0
20120910,96540.0
20120911,96224.0
20120912,95648.0
20120913,95914.0
20120914,96252.0
20120917,88896.0
20120918,95432.0
20120919,95210.0
20120920,95168.0
20120921,94460.0
20120924,92774.0
20120925,92116.0
20120926,91150.0
20120927,89864.0
20120928,88996.0
20121008,87230.0
20121009,86574.0
20121010,86342.0
20121011,86260.0
20121012,86272.0
20121015,84812.0
20121016,84994.0
20121017,84764.0
20121018,85032.0
20121019,85138.0
20121022,77966.0
20121023,85134.0
20121024,85160.0
20121025,85180.0
20121026,84522.0
20121029,83712.0
20121030,83220.0
20121031,82766.0
20121101,83142.0
20121102,82956.0
20121105,81598.0
20121106,81422.0
20121107,81302.0
20121108,81254.0
20121109,80570.0
20121112,79316.0
20121113,79828.0
20121114,79692.0
20121115,73870.0
20121116,80042.0
20121119,80254.0
20121120,80820.0
20121121,80642.0
20121122,80702.0
20121123,80366.0
20121126,80674.0
20121127,80974.0
20121128,80780.0
20121129,80478.0
20121130,80348.0
20121203,80984.0
20121204,80634.0
20121205,80902.0
20121206,81176.0
20121207,81068.0
20121210,81164.0
20121211,81094.0
20121212,80188.0
20121213,79950.0
20121214,80276.0
20121217,74308.0
20121218,81310.0
20121219,80916.0
20121220,80586.0
20121221,81726.0
20121224,82488.0
20121225,82430.0
20121226,82662.0
20121227,83278.0
20121228,83478.0
20121231,83530.0
20130104,83572.0
20130107,83748.0
20130108,83026.0
20130109,82480.0
20130110,81904.0
20130111,80718.0
20130114,80876.0
20130115,81116.0
20130116,81454.0
20130117,81456.0
20130118,75004.0
20130121,82490.0
20130122,82850.0
20130123,83146.0
20130124,82482.0
20130125,82254.0
20130128,81718.0
20130129,81718.0
20130130,82048.0
20130131,82880.0
20130201,83170.0
20130204,83704.0
20130205,83274.0
20130206,83202.0
20130207,82842.0
20130208,82998.0
20130218,82348.0
20130219,83218.0
20130220,83084.0
20130221,82406.0
20130222,76308.0
20130225,81436.0
20130226,80970.0
20130227,80442.0
20130228,79896.0
20130301,79324.0
20130304,79454.0
20130305,79320.0
20130306,79148.0
20130307,78990.0
20130308,78906.0
20130311,78740.0
20130312,78212.0
20130313,76928.0
20130314,75518.0
20130315,69818.0
20130318,75920.0
20130319,76148.0
20130320,76124.0
20130321,77062.0
20130322,76974.0
20130325,77252.0
20130326,76816.0
20130327,76376.0
20130328,75764.0
20130329,74856.0
20130401,74174.0
20130402,73886.0
20130403,74288.0
20130408,74498.0
20130409,74966.0
20130410,75270.0
20130411,75216.0
20130412,74890.0
20130415,73810.0
20130416,73180.0
20130417,67448.0
20130418,72934.0
20130419,73308.0
20130422,72314.0
20130423,72046.0
20130424,71732.0
20130425,72130.0
20130426,71892.0
20130502,70342.0
20130503,70706.0
20130506,70824.0
20130507,70980.0
20130508,71224.0
20130509,71244.0
20130510,72440.0
20130513,73222.0
20130514,73334.0
20130515,71934.0
20130516,66734.0
20130517,73542.0
20130520,73426.0
20130521,73240.0
20130522,73786.0
20130523,73466.0
20130524,73972.0
20130527,73784.0
20130528,74112.0
20130529,74308.0
20130530,73966.0
20130531,74114.0
20130603,74548.0
20130604,73968.0
20130605,73370.0
20130606,73516.0
20130607,74726.0
20130613,74946.0
20130614,74526.0
20130617,74672.0
20130618,74836.0
20130619,74440.0
20130620,68406.0
20130621,72940.0
20130624,72342.0
20130625,71674.0
20130626,71132.0
20130627,70814.0
20130628,70690.0
20130701,70918.0
20130702,71116.0
20130703,71050.0
20130704,71312.0
20130705,71150.0
20130708,71212.0
20130709,71052.0
20130710,71024.0
20130711,71214.0
20130712,70738.0
20130715,63468.0
20130716,68974.0
20130717,68796.0
20130718,68696.0
20130719,68756.0
20130722,68536.0
20130723,68570.0
20130724,68004.0
20130725,67378.0
20130726,66490.0
20130729,65918.0
20130730,65548.0
20130731,66216.0
20130801,66242.0
20130802,66776.0
20130805,66720.0
20130806,66726.0
20130807,66054.0
20130808,65992.0
20130809,66194.0
20130812,66260.0
20130813,67834.0
20130814,67980.0
20130815,62278.0
20130816,68548.0
20130819,68776.0
20130820,68640.0
20130821,68234.0
20130822,68132.0
20130823,68232.0
20130826,69826.0
20130827,70840.0
20130828,70738.0
20130829,69082.0
20130830,68306.0
20130902,68938.0
20130903,69140.0
20130904,68746.0
20130905,68962.0
20130906,68830.0
20130909,69186.0
20130910,68022.0
20130911,67922.0
20130912,68044.0
20130913,67628.0
20130916,61652.0
20130917,66744.0
20130918,66916.0
20130923,66400.0
20130924,66680.0
20130925,66622.0
20130926,66528.0
20130927,66470.0
20130930,65858.0
20131008,67316.0
20131009,68162.0
20131010,68428.0
20131011,69282.0
20131014,69624.0
20131015,69920.0
20131016,69770.0
20131017,70754.0
20131018,70690.0
20131021,72548.0
20131022,66582.0
20131023,73216.0
20131024,73096.0
20131025,72714.0
20131028,72592.0
20131029,72640.0
20131030,74130.0
20131031,74376.0
20131101,74862.0
20131104,74872.0
20131105,74522.0
20131106,74356.0
20131107,74294.0
20131108,74074.0
20131111,73884.0
20131112,73634.0
20131113,74466.0
20131114,74612.0
20131115,68782.0
20131118,74800.0
20131119,74628.0
20131120,74412.0
20131121,75454.0
20131122,76612.0
20131125,76926.0
20131126,75962.0
20131127,75572.0
20131128,75614.0
20131129,75626.0
20131202,75524.0
20131203,74886.0
20131204,74686.0
20131205,74588.0
20131206,74078.0
20131209,74494.0
20131210,74422.0
20131211,74484.0
20131212,74436.0
20131213,73204.0
20131216,66932.0
20131217,73136.0
20131218,72608.0
20131219,72758.0
20131220,72826.0
20131223,72630.0
20131224,72666.0
20131225,71906.0
20131226,71790.0
20131227,72200.0
20131230,72878.0
20131231,72646.0
20140102,73280.0
20140103,72998.0
20140106,72302.0
20140107,71896.0
20140108,70312.0
20140109,70220.0
20140110,70434.0
20140113,70274.0
20140114,70332.0
20140115,70140.0
20140116,70528.0
20140117,70432.0
20140120,71300.0
20140121,71374.0
20140122,71328.0
20140123,71124.0
20140124,71110.0
20140127,70460.0
20140128,69292.0
20140129,69180.0
20140130,69014.0
20140207,69638.0
20140210,70154.0
20140211,70228.0
20140212,70366.0
20140213,70972.0
20140214,71740.0
20140217,71796.0
20140218,72268.0
20140219,72966.0
20140220,72922.0
20140221,73736.0
20140224,74014.0
20140225,74110.0
20140226,73882.0
20140227,74390.0
20140228,73956.0
20140303,74408.0
20140304,74374.0
20140305,74944.0
20140306,74914.0
20140307,75388.0
20140310,75424.0
20140311,75782.0
20140312,76082.0
20140313,75822.0
20140314,75306.0
20140317,74926.0
20140318,74516.0
20140319,74520.0
20140320,73878.0
20140321,73470.0
20140324,73396.0
20140325,73214.0
20140326,73408.0
20140327,73506.0
20140328,73522.0
20140331,73740.0
20140401,73774.0
20140402,74794.0
20140403,74142.0
20140404,74144.0
20140408,73916.0
20140409,73878.0
20140410,73682.0
20140411,72972.0
20140414,72760.0
20140415,72716.0
20140416,73582.0
20140417,74008.0
20140418,73694.0
20140421,73882.0
20140422,73940.0
20140423,73930.0
20140424,73912.0
20140425,74148.0
20140428,74320.0
20140429,73944.0
20140430,73730.0
20140505,72696.0
20140506,72386.0
20140507,72388.0
20140508,72144.0
20140509,72160.0
20140512,72124.0
20140513,72196.0
20140514,72310.0
20140515,72468.0
20140516,72304.0
20140519,72444.0
20140520,72136.0
20140521,71574.0
20140522,71824.0
20140523,72596.0
20140526,72444.0
20140527,72462.0
20140528,72422.0
20140529,72446.0
20140530,72082.0
20140603,71578.0
20140604,71564.0
20140605,71612.0
20140606,71436.0
20140609,71560.0
20140610,71400.0
20140611,70792.0
20140612,70744.0
20140613,70802.0
20140616,70946.0
20140617,70742.0
20140618,70870.0
20140619,70900.0
20140620,71068.0
20140623,71660.0
20140624,72080.0
20140625,72608.0
20140626,72478.0
20140627,72342.0
20140630,71984.0
20140701,70736.0
20140702,70820.0
20140703,70710.0
20140704,70580.0
20140707,70384.0
20140708,70496.0
20140709,70264.0
20140710,70682.0
20140711,70576.0
20140714,69800.0
20140715,69290.0
20140716,69338.0
20140717,69412.0
20140718,69420.0
20140721,69272.0
20140722,68690.0
20140723,68546.0
20140724,68570.0
20140725,68694.0
20140728,68252.0
20140729,68152.0
20140730,68216.0
20140731,68278.0
20140801,68212.0
20140804,68022.0
20140805,68064.0
20140806,67996.0
20140807,68048.0
20140808,68184.0
20140811,68128.0
20140812,67676.0
20140813,67598.0
20140814,66374.0
20140815,66086.0
20140818,65194.0
20140819,65218.0
20140820,64502.0
20140821,64636.0
20140822,64718.0
20140825,63972.0
20140826,63760.0
20140827,63814.0
20140828,63650.0
20140829,63606.0
20140901,63022.0
20140902,63312.0
20140903,63858.0
20140904,63732.0
20140905,63992.0
20140909,63826.0
20140910,63108.0
20140911,62810.0
20140912,62910.0
20140915,63398.0
20140916,64064.0
20140917,64056.0
20140918,64304.0
20140919,64126.0
20140922,62994.0
20140923,62550.0
20140924,62928.0
20140925,63256.0
20140926,63188.0
20140929,62954.0
20140930,63300.0
20141008,63432.0
20141009,63500.0
20141010,63510.0
20141013,63174.0
20141014,63264.0
20141015,63348.0
20141016,62842.0
20141017,62874.0
20141020,62498.0
20141021,62246.0
20141022,62172.0
20141023,62356.0
20141024,62636.0
20141027,62418.0
20141028,62374.0
20141029,63088.0
20141030,64656.0
20141031,65002.0
20141103,65262.0
20141104,65156.0
20141105,64086.0
20141106,63242.0
20141107,63554.0
20141110,63500.0
20141111,64132.0
20141112,64728.0
20141113,64520.0
20141114,64262.0
20141117,64230.0
20141118,64078.0
20141119,64060.0
20141120,63952.0
20141121,63848.0
20141124,63930.0
20141125,63752.0
20141126,63994.0
20141127,63876.0
20141128,63382.0
20141201,61848.0
20141202,61406.0
20141203,61162.0
20141204,61242.0
20141205,61030.0
20141208,61148.0
20141209,60906.0
20141210,61094.0
20141211,61108.0
20141212,61132.0
20141215,60864.0
20141216,60606.0
20141217,60014.0
20141218,59734.0
20141219,59522.0
20141222,59610.0
20141223,59436.0
20141224,59576.0
20141225,59640.0
20141226,59908.0
20141229,60770.0
20141230,60912.0
20141231,60984.0
20150105,60670.0
20150106,60558.0
20150107,60752.0
20150108,61090.0
20150109,61170.0
20150112,61482.0
20150113,60716.0
20150114,60118.0
20150115,59588.0
20150116,59860.0
20150119,59874.0
20150120,59718.0
20150121,59712.0
20150122,59474.0
20150123,59298.0
20150126,59036.0
20150127,58590.0
20150128,58050.0
20150129,57608.0
20150130,56156.0
20150202,56480.0
20150203,56798.0
20150204,57312.0
20150205,57558.0
20150206,58616.0
20150209,58718.0
20150210,58944.0
20150211,58852.0
20150212,58728.0
20150213,58944.0
20150216,59224.0
20150217,59200.0
20150225,58516.0
20150226,58702.0
20150227,59142.0
20150302,60120.0
20150303,59914.0
20150304,59934.0
20150305,59348.0
20150306,58942.0
20150309,58342.0
20150310,57856.0
20150311,57558.0
20150312,57618.0
20150313,57442.0
20150316,56802.0
20150317,56788.0
20150318,56396.0
20150319,57182.0
20150320,57044.0
20150323,56830.0
20150324,57144.0
20150325,57146.0
20150326,57176.0
20150327,57088.0
20150330,56810.0
20150331,56722.0
20150401,56626.0
20150402,56620.0
20150403,56618.0
20150407,57178.0
20150408,57054.0
20150409,56682.0
20150410,56524.0
20150413,56762.0
20150414,56652.0
20150415,56914.0
20150416,57182.0
20150417,57178.0
20150420,58108.0
20150421,58914.0
20150422,59070.0
20150423,59020.0
20150424,59160.0
20150427,59008.0
20150428,59038.0
20150429,58948.0
20150430,59040.0
20150504,59898.0
20150505,60422.0
20150506,61240.0
20150507,61178.0
20150508,60666.0
20150511,61084.0
20150512,61386.0
20150513,61612.0
20150514,61852.0
20150515,62012.0
20150518,61768.0
20150519,61304.0
20150520,60398.0
20150521,60270.0
20150522,60612.0
20150525,59848.0
20150526,60972.0
20150527,61516.0
20150528,62458.0
20150529,62668.0
20150601,63314.0
20150602,64116.0
20150603,64076.0
20150604,63216.0
20150605,63182.0
20150608,63580.0
20150609,62716.0
20150610,62704.0
20150611,62672.0
20150612,61920.0
20150615,61964.0
20150616,62128.0
20150617,62254.0
20150618,62022.0
20150619,61522.0
20150623,61922.0
20150624,61738.0
20150625,62344.0
20150626,62196.0
20150629,62002.0
20150630,61180.0
20150701,61988.0
20150702,61836.0
20150703,61980.0
20150706,60806.0
20150707,60386.0
20150708,59000.0
20150709,57700.0
20150710,58954.0
20150713,59184.0
20150714,59766.0
20150715,59700.0
20150716,59318.0
20150717,59316.0
20150720,59408.0
20150721,59960.0
20150722,60062.0
20150723,59392.0
20150724,59314.0
20150727,58780.0
20150728,58302.0
20150729,58416.0
20150730,58240.0
20150731,58460.0
20150803,57456.0
20150804,56828.0
20150805,56988.0
20150806,56336.0
20150807,55670.0
20150810,55914.0
20150811,56398.0
20150812,56566.0
20150813,56584.0
20150814,56388.0
20150817,56278.0
20150818,56164.0
20150819,55692.0
20150820,55224.0
20150821,54488.0
20150824,52996.0
20150825,51026.0
20150826,51232.0
20150827,50636.0
20150828,52240.0
20150831,52436.0
20150901,52718.0
20150902,52478.0
20150907,52040.0
20150908,52444.0
20150909,53112.0
20150910,53104.0
20150911,53648.0
20150914,53168.0
20150915,53570.0
20150916,52746.0
20150917,53322.0
20150918,52384.0
20150921,52072.0
20150922,52552.0
20150923,52380.0
20150924,52718.0
20150925,53796.0
20150928,54734.0
20150929,54532.0
20150930,54648.0
20151008,54804.0
20151009,54776.0
20151012,55864.0
20151013,56160.0
20151014,56664.0
20151015,56746.0
20151016,56656.0
20151019,56234.0
20151020,55400.0
20151021,55694.0
20151022,56222.0
20151023,56078.0
20151026,55302.0
20151027,54764.0
20151028,54506.0
20151029,54680.0
20151030,54472.0
20151102,54636.0
20151103,54272.0
20151104,54270.0
20151105,54590.0
20151106,53856.0
20151109,53764.0
20151110,53482.0
20151111,52758.0
20151112,52712.0
20151113,52794.0
20151116,52406.0
20151117,52452.0
20151118,52166.0
20151119,51916.0
20151120,51654.0
20151123,51848.0
20151124,52470.0
20151125,52858.0
20151126,53482.0
20151127,54082.0
20151130,53724.0
20151201,54540.0
20151202,54750.0
20151203,54868.0
20151204,55330.0
20151207,56074.0
20151208,55752.0
20151209,55340.0
20151210,55154.0
20151211,55442.0
20151214,55940.0
20151215,56450.0
20151216,55940.0
20151217,55354.0
20151218,54690.0
20151221,55038.0
20151222,55904.0
20151223,56256.0
20151224,56920.0
20151225,56600.0
20151228,56312.0
20151229,55988.0
20151230,57614.0
20151231,57982.0
20160104,57774.0
20160105,57492.0
20160106,56782.0
20160107,56498.0
20160108,56416.0
20160111,56226.0
20160112,56294.0
20160113,56140.0
20160114,56128.0
20160115,56280.0
20160118,56650.0
20160119,56902.0
20160120,56886.0
20160121,56328.0
20160122,56070.0
20160125,56154.0
20160126,56022.0
20160127,56442.0
20160128,56476.0
20160129,56342.0
20160201,56154.0
20160202,56462.0
20160203,56564.0
20160204,56756.0
20160205,56930.0
20160215,58698.0
20160216,58708.0
20160217,58334.0
20160218,58568.0
20160219,58476.0
20160222,59440.0
20160223,59218.0
20160224,58610.0
20160225,58450.0
20160226,58408.0
20160229,58550.0
20160301,58598.0
20160302,58976.0
20160303,58432.0
20160304,59450.0
20160307,59988.0
20160308,60436.0
20160309,60440.0
20160310,60990.0
20160311,61240.0
20160314,61832.0
20160315,62168.0
20160316,62146.0
20160317,62798.0
20160318,63704.0
20160321,63670.0
20160322,64616.0
20160323,64594.0
20160324,63722.0
20160325,64316.0
20160328,65288.0
20160329,65742.0
20160330,65546.0
20160331,65078.0
20160401,65718.0
20160405,66072.0
20160406,65300.0
20160407,65308.0
20160408,64808.0
20160411,64870.0
20160412,64902.0
20160413,65674.0
20160414,65922.0
20160415,65972.0
20160418,66118.0
20160419,67388.0
20160420,68694.0
20160421,69446.0
20160422,68590.0
20160425,68196.0
20160426,68126.0
20160427,67940.0
20160428,66322.0
20160429,66002.0
20160503,65960.0
20160504,65554.0
20160505,65844.0
20160506,64664.0
20160509,65526.0
20160510,65362.0
20160511,66300.0
20160512,65562.0
20160513,63642.0
20160516,62758.0
20160517,62798.0
20160518,62652.0
20160519,61976.0
20160520,61844.0
20160523,60688.0
20160524,60684.0
20160525,60778.0
20160526,61720.0
20160527,61882.0
20160530,62278.0
20160531,62326.0
20160601,62358.0
20160602,62436.0
20160603,63024.0
20160606,63460.0
20160607,63924.0
20160608,63948.0
20160613,63734.0
20160614,62742.0
20160615,61830.0
20160616,61318.0
20160617,61056.0
20160620,61438.0
20160621,61316.0
20160622,61362.0
20160623,61348.0
20160624,61200.0
20160627,61260.0
20160628,61566.0
20160629,61820.0
20160630,61678.0
20160701,62152.0
20160704,63192.0
20160705,63280.0
20160706,62350.0
20160707,60566.0
20160708,60004.0
20160711,60226.0
20160712,60270.0
20160713,60502.0
20160714,60364.0
20160715,61436.0
20160718,62318.0
20160719,62110.0
20160720,62510.0
20160721,62630.0
20160722,61820.0
20160725,60934.0
20160726,60774.0
20160727,61040.0
20160728,61028.0
20160729,61240.0
20160801,62276.0
20160802,62390.0
20160803,62832.0
20160804,63352.0
20160805,63318.0
20160808,63336.0
20160809,64304.0
20160810,64322.0
20160811,64312.0
20160812,64300.0
20160815,65600.0
20160816,66452.0
20160817,66736.0
20160818,67202.0
20160819,67142.0
20160822,66978.0
20160823,66830.0
20160824,67190.0
20160825,67026.0
20160826,66496.0
20160829,66740.0
20160830,66670.0
20160831,66350.0
20160901,65676.0
20160902,65976.0
20160905,67218.0
20160906,67540.0
20160907,67422.0
20160908,67348.0
20160909,67684.0
20160912,67200.0
20160913,67064.0
20160914,66310.0
20160919,65800.0
20160920,67562.0
20160921,68114.0
20160922,68242.0
20160923,68324.0
20160926,68524.0
20160927,68492.0
20160928,68204.0
20160929,67828.0
20160930,67376.0
20161010,67330.0
20161011,67116.0
20161012,67140.0
20161013,67128.0
20161014,66962.0
20161017,69072.0
20161018,70374.0
20161019,70386.0
20161020,70534.0
20161021,70028.0
20161024,70720.0
20161025,72004.0
20161026,71638.0
20161027,71932.0
20161028,71926.0
20161031,72384.0
20161101,72324.0
20161102,71212.0
20161103,71258.0
20161104,71684.0
20161107,71846.0
20161108,72914.0
20161109,73354.0
20161110,73450.0
20161111,74594.0
20161114,73158.0
20161115,70910.0
20161116,71602.0
20161117,71916.0
20161118,71668.0
20161121,72140.0
20161122,73020.0
20161123,73268.0
20161124,74320.0
20161125,74552.0
20161128,75772.0
20161129,75526.0
20161130,74840.0
20161201,75280.0
20161202,75796.0
20161205,76158.0
20161206,76380.0
20161207,76672.0
20161208,75890.0
20161209,75216.0
20161212,75818.0
20161213,75666.0
20161214,75648.0
20161215,76238.0
20161216,77464.0
20161219,77414.0
20161220,75708.0
20161221,75418.0
20161222,75084.0
20161223,73682.0
20161226,73448.0
20161227,74006.0
20161228,74664.0
20161229,74692.0
20161230,74604.0
20170103,74898.0
20170104,74430.0
20170105,74188.0
20170106,73944.0
20170109,73848.0
20170110,73936.0
20170111,74076.0
20170112,74472.0
20170113,74512.0
20170116,74990.0
20170117,74842.0
20170118,74862.0
20170119,74508.0
20170120,74396.0
20170123,74038.0
20170124,74202.0
20170125,74172.0
20170126,73888.0
20170203,73484.0
20170206,73246.0
20170207,73200.0
20170208,73214.0
20170209,73256.0
20170210,73346.0
20170213,72914.0
20170214,72182.0
20170215,72046.0
20170216,71976.0
20170217,70488.0
20170220,70240.0
20170221,69444.0
20170222,69052.0
20170223,69050.0
20170224,68868.0
20170227,68898.0
20170228,68610.0
20170301,69028.0
20170302,69492.0
20170303,69518.0
20170306,69908.0
20170307,69696.0
20170308,69216.0
20170309,69338.0
20170310,68620.0
20170313,68552.0
20170314,67996.0
20170315,67540.0
20170316,68082.0
20170317,68222.0
20170320,67894.0
20170321,67898.0
20170322,68138.0
20170323,67828.0
20170324,67456.0
20170327,66744.0
20170328,66136.0
20170329,66208.0
20170330,66016.0
20170331,65962.0
20170405,65726.0
20170406,66130.0
20170407,65872.0
20170410,65428.0
20170411,64626.0
20170412,64492.0
20170413,64474.0
20170414,64160.0
20170417,64310.0
20170418,64308.0
20170419,63104.0
20170420,62728.0
20170421,62584.0
20170424,62818.0
20170425,62322.0
20170426,62272.0
20170427,62588.0
20170428,62688.0
20170502,63226.0
20170503,63350.0
20170504,63046.0
20170505,63126.0
20170508,64000.0
20170509,63972.0
20170510,64442.0
20170511,64576.0
20170512,65090.0
20170515,64998.0
20170516,64834.0
20170517,64924.0
20170518,65230.0
20170519,64928.0
20170522,65194.0
20170523,65220.0
20170524,64784.0
20170525,64704.0
20170526,65096.0
20170531,63386.0
20170601,63446.0
20170602,63444.0
20170605,63540.0
20170606,63452.0
20170607,63166.0
20170608,62906.0
20170609,63148.0
20170612,63480.0
20170613,63506.0
20170614,63360.0
20170615,62420.0
20170616,62912.0
20170619,63338.0
20170620,63366.0
20170621,62744.0
20170622,62544.0
20170623,62518.0
20170626,62402.0
20170627,62324.0
20170628,62416.0
20170629,62590.0
20170630,62912.0
20170703,63356.0
20170704,63122.0
20170705,63480.0
20170706,64136.0
20170707,64170.0
20170710,64896.0
20170711,65034.0
20170712,65042.0
20170713,64642.0
20170714,64486.0
20170717,64538.0
20170718,64360.0
20170719,64164.0
20170720,64574.0
20170721,64960.0
20170724,64596.0
20170725,64970.0
20170726,65310.0
20170727,65624.0
20170728,65808.0
20170731,66108.0
20170801,66466.0
20170802,66224.0
20170803,66008.0
20170804,65828.0
20170807,65770.0
20170808,65720.0
20170809,66130.0
20170810,66074.0
20170811,66076.0
20170814,66138.0
20170815,65922.0
20170816,65488.0
20170817,65506.0
20170818,65556.0
20170821,65890.0
20170822,66948.0
20170823,67148.0
20170824,67266.0
20170825,67298.0
20170828,67204.0
20170829,67062.0
20170830,66974.0
20170831,66802.0
20170901,67126.0
20170904,67202.0
20170905,67122.0
20170906,67330.0
20170907,67256.0
20170908,67310.0
20170911,67606.0
20170912,67904.0
20170913,68846.0
20170914,68502.0
20170915,69052.0
20170918,68964.0
20170919,69054.0
20170920,68920.0
20170921,68826.0
20170922,68342.0
20170925,68114.0
20170926,68042.0
20170927,68094.0
20170928,66764.0
20170929,66722.0
20171009,67224.0
20171010,66980.0
20171011,66800.0
20171012,66838.0
20171013,66806.0
20171016,67222.0
20171017,67318.0
20171018,67192.0
20171019,67180.0
20171020,67174.0
20171023,67500.0
20171024,68012.0
20171025,68154.0
20171026,68264.0
20171027,68358.0
20171030,68630.0
20171031,68736.0
20171101,68650.0
20171102,68778.0
20171103,68592.0
20171106,68532.0
20171107,68606.0
20171108,68574.0
20171109,68770.0
20171110,68622.0
20171113,68554.0
20171114,68058.0
20171115,67512.0
20171116,67168.0
20171117,67174.0
20171120,66622.0
20171121,66190.0
20171122,66200.0
20171123,66152.0
20171124,66114.0
20171127,65554.0
20171128,65380.0
20171129,65140.0
20171130,65162.0
20171201,65254.0
20171204,65410.0
20171205,65170.0
20171206,65098.0
20171207,64392.0
20171208,64350.0
20171211,64320.0
20171212,64368.0
20171213,64316.0
20171214,63658.0
20171215,63362.0
20171218,63462.0
20171219,63268.0
20171220,63272.0
20171221,62744.0
20171222,61890.0
20171225,62168.0
20171226,62074.0
20171227,62422.0
20171228,62550.0
20171229,62532.0
20180102,63368.0
20180103,63594.0
20180104,63906.0
20180105,63934.0
20180108,63742.0
20180109,63896.0
20180110,63872.0
20180111,64100.0
20180112,63508.0
20180115,63556.0
20180116,63428.0
20180117,63082.0
20180118,63116.0
20180119,62812.0
20180122,62842.0
20180123,62924.0
20180124,63130.0
20180125,63208.0
20180126,63212.0
20180129,63432.0
20180130,63348.0
20180131,63228.0
20180201,62888.0
20180202,61998.0
20180205,61670.0
20180206,61764.0
20180207,61826.0
20180208,61732.0
20180209,61862.0
20180212,62348.0
20180213,62272.0
20180214,62120.0
20180222,62414.0
20180223,62690.0
20180226,63330.0
20180227,63376.0
20180228,63368.0
20180301,63870.0
20180302,63660.0
20180305,63302.0
20180306,63178.0
20180307,63138.0
20180308,62756.0
20180309,62382.0
20180312,62096.0
20180313,62042.0
20180314,62230.0
20180315,62076.0
20180316,62026.0
20180319,61930.0
20180320,61912.0
20180321,61876.0
20180322,61928.0
20180323,61884.0
20180326,61602.0
20180327,61704.0
20180328,61436.0
20180329,60940.0
20180330,61046.0
20180402,61540.0
20180403,61674.0
20180404,61868.0
20180409,62616.0
20180410,62240.0
20180411,62032.0
20180412,61666.0
20180413,61514.0
20180416,61294.0
20180417,60780.0
20180418,60630.0
20180419,60882.0
20180420,60918.0
20180423,60936.0
20180424,60766.0
20180425,60850.0
20180426,60766.0
20180427,60708.0
20180502,60704.0
20180503,60826.0
20180504,60462.0
20180507,60494.0
20180508,60530.0
20180509,60870.0
20180510,60988.0
20180511,61852.0
20180514,61540.0
20180515,61478.0
20180516,61334.0
20180517,61344.0
20180518,62224.0
20180521,62356.0
20180522,62452.0
20180523,62462.0
20180524,62582.0
20180525,62482.0
20180528,62074.0
20180529,62022.0
20180530,62272.0
20180531,62322.0
20180601,62432.0
20180604,62608.0
20180605,62186.0
20180606,62124.0
20180607,62026.0
20180608,61910.0
20180611,61726.0
20180612,61594.0
20180613,60750.0
20180614,60672.0
20180615,60576.0
20180619,58836.0
20180620,58290.0
20180621,58546.0
20180622,58506.0
20180625,58990.0
20180626,58780.0
20180627,58970.0
20180628,59280.0
20180629,59588.0
20180702,59830.0
20180703,59810.0
20180704,59710.0
20180705,59626.0
20180706,59624.0
20180709,59754.0
20180710,59120.0
20180711,58468.0
20180712,58228.0
20180713,57870.0
20180716,57462.0
20180717,57524.0
20180718,57412.0
20180719,57780.0
20180720,57630.0
20180723,57722.0
20180724,57600.0
20180725,58012.0
20180726,57992.0
20180727,58102.0
20180730,58224.0
20180731,58316.0
20180801,58144.0
20180802,58728.0
20180803,58656.0
20180806,59008.0
20180807,59212.0
20180808,59326.0
20180809,59524.0
20180810,59596.0
20180813,59464.0
20180814,59456.0
20180815,59458.0
20180816,59154.0
20180817,59462.0
20180820,59866.0
20180821,59778.0
20180822,60128.0
20180823,60008.0
20180824,60162.0
20180827,59560.0
20180828,59490.0
20180829,59386.0
20180830,59430.0
20180831,59522.0
20180903,59454.0
20180904,60200.0
20180905,60290.0
20180906,60106.0
20180907,59526.0
20180910,59746.0
20180911,59784.0
20180912,59732.0
20180913,59670.0
20180914,59394.0
20180917,59784.0
20180918,59564.0
20180919,58970.0
20180920,58490.0
20180921,58148.0
20180925,58234.0
20180926,58448.0
20180927,58544.0
20180928,58462.0
20181008,58704.0
20181009,59094.0
20181010,59204.0
20181011,58744.0
20181012,59000.0
20181015,59474.0
20181016,59294.0
20181017,59610.0
20181018,59410.0
20181019,59206.0
20181022,59656.0
20181023,59754.0
20181024,59388.0
20181025,58964.0
20181026,58864.0
20181029,59088.0
20181030,58794.0
20181031,58546.0
20181101,58568.0
20181102,57892.0
20181105,57976.0
20181106,57850.0
20181107,57718.0
20181108,57510.0
20181109,56926.0
20181112,56148.0
20181113,56266.0
20181114,55368.0
20181115,55018.0
20181116,55186.0
20181119,54704.0
20181120,54318.0
20181121,54038.0
20181122,53992.0
20181123,54402.0
20181126,54174.0
20181127,53576.0
20181128,53694.0
20181129,53986.0
20181130,54028.0
20181203,54210.0
20181204,54116.0
20181205,54118.0
20181206,54152.0
20181207,54166.0
20181210,54178.0
20181211,54434.0
20181212,54296.0
20181213,54244.0
20181214,54328.0
20181217,54588.0
20181218,54430.0
20181219,54848.0
20181220,55150.0
20181221,55028.0
20181224,54520.0
20181225,54068.0
20181226,54028.0
20181227,54190.0
20181228,54152.0
