date,index,棕榈油结算价
20110104,0.027587956518828963,0.006581152748465994
20110105,0.033447934067540125,-0.0014417656490749522
20110106,0.10601819407679716,0.016347578210591008
20110107,-0.22462393648464407,-0.0037811023615986366
20110110,0.05675281659244943,-0.0030890129656290194
20110111,-0.020906684819313712,6.725401845301741e-05
20110112,-0.014184634991956413,-0.006257135564205804
20110113,0.1082135846402328,0.0033273966398089426
20110114,-0.02597548640326068,-0.0002866996671997828
20110117,0.08918562850621073,-0.0006074001772732271
20110118,-0.07070081383210759,-0.0922247015890814
20110119,-0.04495138786226628,0.09078909665738277
20110120,-0.05513207069471622,0.0013343356904562073
20110121,0.09641372966802007,-0.001841512249484289
20110124,0.04859255523686528,0.011483460225737492
20110125,-0.06955768370191011,-0.003181303332734685
20110126,0.16378930866502694,-0.026234577946783615
20110127,-0.17658266012493648,0.0043119435308143035
20110128,0.14738350543267428,0.002379913973990119
20110131,-0.06344622173896224,0.009446476782355358
20110201,0.10754154160418654,0.001743354960304021
20110209,0.37627848702163263,0.007195063602906146
20110210,-0.1260927270321009,0.025511291615695684
20110211,0.12957099140842576,0.0006708170311845211
20110214,0.09496180843692767,0.0036733235867831325
20110215,0.12126130003270832,-0.007885650443371571
20110216,-0.02817087696669633,-0.012711230100919079
20110217,-0.11421796949188726,-0.006274425684059379
20110218,0.010619568827460351,-0.005202838046015001
20110221,-0.0035524016043677717,-0.005568412883218319
20110222,0.04181793968332162,-0.0888436040577871
20110223,-0.003418806748785609,0.06209212025629361
20110224,-0.11223339494558833,-0.005961633219793887
20110225,0.05225069034387789,-0.010616333407475975
20110228,0.18883623781514827,0.004601356789657885
20110301,-0.07410797215372185,-8.794997411147072e-05
20110302,-0.11472826566142648,0.005175858770872512
20110303,0.13549025710985554,0.005584364371898812
20110304,-0.05273629608094323,0.001738737766998973
20110307,0.0656539702214368,0.0030355354138775063
20110308,-0.1094565928798298,-0.003330907628449681
20110309,0.036634133179780384,-0.010990561692855328
20110310,0.00359066813072854,-0.007618950102121706
20110311,0.021277398447284882,-0.0017896858651778207
20110314,0.02360986563913367,-0.015244006938535143
20110315,0.05511929922107953,-0.09572084559299102
20110316,-0.0719264175374608,0.07254829949623835
20110317,0.030052345066401837,0.0019332928146743472
20110318,-0.050601013293789486,0.007896778822254678
20110321,0.03610500464211636,0.008558942318797915
20110322,0.04167269640056808,0.007355360364943631
20110323,-0.027587956518829053,-8.981256124516634e-05
20110324,0.051118453929023186,-0.007102712294342105
20110325,-0.10130819845287838,0.0021866622369612265
20110328,-0.0074627212015896,-0.0017887314716625627
20110329,0.08950514386803222,-0.0031153237417987237
20110330,-0.05635293655113175,0.006995879830237591
20110331,0.014388737452099669,-0.0015684580948725805
20110401,-0.01801850550267836,0.007961009941149677
20110406,0.15696996559654006,0.0021991980899854673
20110407,-0.04138521616285437,-3.5720664408153796e-05
20110408,-0.017762456339840388,0.002087515812262693
20110411,0.08581591958485613,0.018139124491467665
20110412,-0.1186057424078469,-0.008295739791013787
20110413,0.10536051565782636,-0.008507521935337665
20110414,-0.037355786543768865,-0.0037806554171357647
20110415,-0.053298581724361964,-0.0038667454777197062
20110418,-0.07240002980856572,-0.00395378190596783
20110419,0.030254408357802343,-0.09083458905683023
20110420,0.0131580845775112,0.0902581890192567
20110421,0.028987536873252187,0.0003963107127817662
20110422,-0.0622131845015727,0.004904832909122617
20110425,0.0922639767379808,0.0012537839044589635
20110426,0.006756782462879687,-0.0037660775131075253
20110427,-0.010152371464017963,-0.0027347983939463496
20110428,-0.11523526357758475,0.002213604668822553
20110429,-0.011516442061559069,-0.00877515381031765
20110503,0.11430477128005866,0.0024995484848584154
20110504,0.09941955811765953,-0.0028804628653541415
20110505,0.009419221916491558,-0.00347118450475366
20110506,-0.1123291849739196,-0.012493750848326969
20110509,0.03601043752303303,-0.0019005273685644619
20110510,-0.09081867401802812,0.004386052771553608
20110511,0.06475856734816313,-0.0010855067530183484
20110512,0.04831857727080773,-0.0002577509403768641
20110513,-0.019048194970694474,0.0019866459820255347
20110516,0.15309970758128336,-0.002133962067367018
20110517,0.08464264315407903,-0.09210543485202562
20110518,-0.1431008436406733,0.08978233929787345
20110519,-0.10573219378884736,0.006329717344811201
20110520,0.16734000317833775,0.000953341350048419
20110523,0.14981227822866008,0.002159986195822897
20110524,-0.09097177820572676,0.006015987809137161
20110525,-0.07924937165414049,0.0008538856857105995
20110526,-0.00344234419097279,0.01196819195558533
20110527,0.0034423441909726986,-0.001562345991267128
20110530,0.29646690200751386,0.00501955089283067
20110531,-0.12730342979107032,-0.0006976432463985207
20110601,0.02614528010432221,-0.0014684290450665712
20110602,-0.006472514505617479,-0.0010040701541019917
20110603,-0.039740328649514114,0.005438587926275335
20110607,0.08004270767353636,7.136357962746144e-05
20110608,0.07410797215372182,-0.0024649912452858447
20110609,-0.013072081567352777,0.005564388097632899
20110610,-0.1186057424078469,-0.007300670563307953
20110613,0.07976496846886262,-0.0045428913768667985
20110614,-0.016807118316381292,0.000305901196299745
20110615,0.006756782462879687,0.00010794279042594857
20110616,-0.02385121582217991,-0.0862789822222866
20110617,-0.056752816592449476,0.08090369194779276
20110620,0.1126416361559648,-0.000542740854571079
20110621,-0.00344234419097279,0.0009044045113161734
20110622,-0.07516954337868065,-0.002335032873502176
20110623,0.047195691336274534,-0.007037992224573236
20110624,-0.017889564750775057,-0.00670197157989927
20110627,0.08204242266644259,-0.008320697422475133
20110628,-0.0746349813885808,-0.003991132002281853
20110629,-0.014870162479451391,-0.0028312800644086688
20110630,0.0,0.0012489865260434572
20110701,-0.06979576193554198,-0.007010750445520612
20110704,0.14085743271659545,0.0028289091977137942
20110705,-0.01841672678623115,0.0017943594653895693
20110706,-0.04563529470661934,-0.0007846361185695148
20110707,-0.04374454896285695,-0.0014588167470814435
20110708,0.008097210232619303,0.008535591723130528
20110711,0.05942342047080081,0.002668694480311854
20110712,0.030305349495328843,-0.001685638209280338
20110713,-0.007490671729157627,0.002647585857315137
20110714,0.047715473039666584,-0.0014062357761895304
20110715,0.01069528911674795,-0.08738345184999577
20110718,0.16769224677799555,0.08845681045478668
20110719,0.013937507843781678,-0.0006845956989826785
20110720,-0.11346710319081472,0.002790948792897634
20110721,0.08894748601649613,0.006640997926027036
20110722,-0.028778964550043407,0.001905041607798267
20110725,0.24351085413864346,-0.006886257506280813
20110726,-0.059818495210910226,-0.0009955385948146871
20110727,-0.127677717373062,0.0035903375736887253
20110728,0.06769501277135148,-0.0012505518769675562
20110729,-0.02205971806473222,0.002995031959455364
20110801,0.3240924361476212,-0.0007341470459131094
20110802,-0.0980821843513353,0.0015044218153189585
20110803,0.04478360262697344,0.002362140940678627
20110804,0.06704450262899705,7.315556534222723e-05
20110805,-0.11182810525597048,-0.022901058177961366
20110808,0.04112729142386279,-0.0019104349239191995
20110809,0.046520015634892914,-0.017436474963040387
20110810,0.07734946607789286,0.00915329507342583
20110811,-0.12753921060174814,-0.0007375119707217815
20110812,-0.04512043528046954,-0.0017419298165883747
20110815,0.011215070820140005,-0.08654805798104277
20110816,0.0074074412778618185,0.08776015638515708
20110817,0.0326707822895487,-0.0002839537742338344
20110818,0.035091319811270186,0.002061563924622134
20110819,0.0204785313435407,-0.004089443212172478
20110822,0.20939485112248954,-0.000379499444792924
20110823,-0.019737482838321437,0.0027859658497599396
20110824,-0.17768117723745236,0.005586395836493649
20110825,-0.05296553557991268,-0.0021101028968119194
20110826,0.19341737104900897,-0.0023035828996687173
20110829,0.26743123151532605,0.003717090612472671
20110830,0.035464709572282684,0.0001883168247816424
20110831,-0.0573633948799202,0.0063630520735674795
20110901,0.0,0.0014957187846258975
20110902,-0.09273048425172373,-0.0004858632577405179
20110905,0.10227884912041824,0.0015501996884953748
20110906,0.013793322132335771,-0.0047890840760784386
20110907,-0.06728200708332206,0.00033748312904688876
20110908,-0.03352269203864356,0.0034619917618652746
20110909,-0.04255961441879589,0.00013075924439790362
20110913,0.11595988109486838,-0.0025435312671187285
20110914,0.1169716765855042,-0.0029255689152219615
20110915,0.009693129205659751,-0.0010334947131209096
20110916,-0.06303910991095232,-0.08460439044869639
20110919,0.16515629366386048,0.08113909638627094
20110920,-0.20465873664010675,0.00047153353005489445
20110921,0.05348868495098622,-0.0023031915033230005
20110922,0.0573512964714656,-0.0074936560035238865
20110923,-0.08909999478604605,-0.020391596073098227
20110926,0.10616019582839073,-0.021649864319859692
20110927,0.02135312447056906,-0.004438657380455149
20110928,0.0035149421074445924,-0.00859474983901289
20110929,-0.05037035938894967,-0.01202370617520211
20110930,-0.04915923595808349,0.0056047583970820795
20111010,0.0835209720498612,-0.011855672465361388
20111011,0.1234648691238144,-0.0007379771562017251
20111012,-0.03165731987069161,-0.010037078935254186
20111013,-0.0886075465224519,0.0007661169634793715
20111014,-0.07977650242772105,0.0008275748393043347
20111017,0.04461706548880669,0.0022104021807724276
20111018,0.22095934949936866,-0.008912714970575641
20111019,-0.14063696066053544,0.0028482643815207122
20111020,-0.05164658886216681,-0.012345448977573179
20111021,-0.1816150926176275,0.0039018299974037047
20111024,0.09596398826174374,-0.09457138697489273
20111025,-0.009852296443011594,0.08995467048783362
20111026,-0.12274582499851243,-0.0029490468574463902
20111027,0.065004830308996,0.009615458699441973
20111028,0.020761991448429225,0.007597318172599899
20111031,0.028894465999714968,-0.0018471825349207322
20111101,-0.10676797542570604,-0.005019118551541702
20111102,0.08436703873653942,-0.0021946563722243413
20111103,-0.1021294950763798,-0.001989800315110912
20111104,0.04211148535012685,0.0021362606821512223
20111107,-0.06899287148695142,-0.0013817651104576546
20111108,0.06581321856957183,-0.0005238948558095386
20111109,-0.02580788395587259,0.0029511820906561177
20111110,-0.013158084577511088,-0.003748028299570708
20111111,-0.08280590368423253,0.015611007231075868
20111114,0.1768320645091831,0.007120543750217434
20111115,0.018182319083190332,-0.0826641385039279
20111116,-0.03049016675778728,0.08936775452545301
20111117,-0.06062462181643485,0.004430721446994576
20111118,-0.02666824708216129,-0.004940088721992514
20111121,0.1153820741188452,-0.001815456351432614
20111122,0.006389798098770988,-0.004255760898876436
20111123,-0.012820688429061434,-0.014248785240648525
20111124,-0.04621284315513157,-0.014475852700051035
20111125,-0.10311079592381092,-0.010436205359782109
20111128,0.0032733253449691085,0.002640546679067651
20111129,0.05715841383994862,0.003905425857904845
20111130,-0.07031649841745971,-0.007655376985969197
20111201,0.054764085409974884,0.003877542834776538
20111202,-0.2161150178896248,0.0
20111205,0.09111478857422216,0.005132675799650373
20111206,-0.05240027639353168,-0.001587890028237272
20111207,0.01569890954310383,0.0022857636568484694
20111208,-0.028437935320533517,-0.0015867813888929506
20111209,-0.016155440222285256,-0.00012705135009146755
20111212,0.10784852120640752,-0.004776115809154873
20111213,-0.03247038503078405,-0.000745005834860902
20111214,0.08838556986769376,-0.005294858435471127
20111215,-0.19631630908106554,-0.08444972991612495
20111216,0.08117329004382244,0.08855142334022553
20111219,0.069869679960486,0.001576380191381219
20111220,-0.02799560748942698,0.0006383658052724966
20111221,0.2717834863839827,-0.0006809380183953351
20111222,-0.23462750949589145,0.0013826700493603206
20111223,-0.07247264881299116,0.0038189849737898266
20111226,0.051469335229480426,0.004521452875053264
20111227,0.05529864019622565,-0.007235676641066913
20111228,-0.032157111634531284,0.003920534823062391
20111229,-0.09237332013101517,-0.0002538393210735838
20111230,0.02478002899848686,0.0005076142240977125
20120104,0.1193039484970901,0.005819118254874963
20120105,-0.08894748601649617,-0.0010095912013523254
20120106,0.026231012148869685,-0.0008842291992782308
20120109,-0.0524710517374536,-0.0003370549852849272
20120110,0.07145896398214505,0.007430920652126697
20120111,-0.06474752939415812,0.0012540234891708821
20120112,-0.211505847234,-0.0005014207024662381
20120113,0.036515212975097466,-0.0020919634423090597
20120116,-0.10536051565782628,-0.009087911756162713
20120117,0.06376661835898922,0.003438713133961248
20120118,-0.06376661835898928,-0.08903711819401806
20120119,-0.04632407167423852,0.08580970986802743
20120120,0.050430853626891904,-0.0028140126686601657
20120130,0.1024786692829374,0.0021799642483907953
20120131,-0.006514681021193642,0.0
20120201,-0.2021241840901344,0.0014788214377730808
20120202,0.1275133202989595,0.0003377094886246623
20120203,0.08759805931798598,0.0010756884915620929
20120206,-0.09937247381320373,0.0044591286052803195
20120207,0.18666534271179994,0.002431510200844123
20120208,0.018405427542715343,0.00014654008420869114
20120209,-0.02461662763535603,0.006176981242872942
20120210,-0.015698909543103753,-0.006114184922716537
20120213,0.09407255588397492,0.0041358625190779305
20120214,0.1112256351102244,0.000979238147692352
20120215,-0.1850954836766799,-0.07693771779295923
20120216,0.03278982282299097,0.08678082684535826
20120217,0.0805388624840124,-0.0021468538270648643
20120220,0.12145545990864726,0.004865086179706734
20120221,0.07620046088541407,0.0033669374228368237
20120222,-0.14918116429165032,0.001781527874972657
20120223,0.07882867328865924,-0.002765800105685284
20120224,-0.026589454189239498,0.0038495450614130784
20120227,0.03421795731034125,0.0019192296307247226
20120228,-0.09286668439184892,0.001406455658418246
20120229,-0.01351371916672282,-0.0007743250514246773
20120301,0.13353139262452254,-0.002612672942751824
20120302,-0.19671029424605427,0.0009192960882757823
20120305,0.10199916795512153,0.0006532078862155766
20120306,-0.015267472130788419,-0.0017155815738933815
20120307,0.012232568435634451,-0.004917941921740534
20120308,0.04167269640056808,0.001724032198468962
20120309,0.0,0.011965449483359087
20120312,0.1766558192582773,0.001053100668430459
20120313,-0.08597885237544056,0.0006879666809860884
20120314,0.11675051104219432,0.004883078368469321
20120315,-0.17737513285862905,-0.07459427891135413
20120316,0.1294110736515025,0.09523328395183236
20120319,0.11072584334638462,0.00033514376995568963
20120320,0.011267724846342288,-0.003653206539222974
20120321,-0.042925044717033886,-0.0028726827810592144
20120322,0.10798863806409573,0.0006148536941125433
20120323,-0.002628122406269469,0.0025347552087835617
20120326,0.09067696688283676,0.00729110369291775
20120327,0.021440331237869408,0.0014322574232930835
20120328,-0.05929974228129184,-5.88194927969085e-05
20120329,0.15185129964653685,-0.004283503297686828
20120330,-0.08350172184532717,-0.0063211335633707125
20120405,0.16233905720661634,0.01598209778036446
20120406,0.07082605256861242,0.013347350015970353
20120409,-0.053488684950986236,0.0030933901104762615
20120410,0.01364277640378648,-0.0004989062543519979
20120411,-0.09368548407732301,-0.003730486596874295
20120412,0.02061928720273561,-0.0002119399254583466
20120413,0.008708327891784414,0.004345408595084132
20120416,0.1601044414032574,-0.005984642572222508
20120417,0.05852733944729027,7.720070256484227e-05
20120418,-0.1413135330665776,-0.0024927308296024725
20120419,-0.06453852113757118,-0.08216513281149596
20120420,0.015748356968139112,0.08899083464922221
20120423,0.03164821095078164,0.0051749037382151294
20120424,0.030677252247047038,-0.00732941365135223
20120425,0.09228445888778797,-0.0021205644790277525
20120426,-0.074319903912489,-0.0017576903458113738
20120427,-0.0029717703891574817,0.0012171915294717994
20120502,0.12459187758571398,-0.0007919721485237347
20120503,-0.108540168575206,-0.0024571700747564908
20120504,0.11990392722552105,-0.0005037881096301835
20120507,-0.02500130220541727,-0.01038398560894395
20120508,0.2155196262035504,-0.00037215862221577867
20120509,-0.14821594430744375,0.005041731899821659
20120510,-0.01791092656653022,0.002686342157812446
20120511,-0.05574198300823519,-0.00796319298970975
20120514,0.16606103592217433,-0.009470159275173098
20120515,-0.1856056319951445,-0.008243414742106756
20120516,0.016313575491523787,-0.09237846743395714
20120517,0.1159835030491138,0.08146868491120104
20120518,0.017143276986437656,-0.01092818417905916
20120521,0.009132483563272472,0.001385295717289339
20120522,0.03278982282299097,-0.001956269855438465
20120523,0.03174869831458027,-0.012582655206052656
20120524,0.03626617798439435,-0.0037872169934269613
20120525,-0.11299997221578388,-0.0011618017530547274
20120528,0.07145896398214505,0.0039156832545295134
20120529,-0.17202987075740706,-0.004995709113973282
20120530,0.17202987075740694,0.0005193887949558853
20120531,-0.09015109699429744,-0.0031828941255446193
20120601,-0.03846628082779605,-0.002566163535425465
20120604,0.06375451482536251,-0.012443932385728409
20120605,-0.020803127629763284,-0.0040268795275723275
20120606,0.02080312762976333,0.002057853982179385
20120607,0.008784829555732811,0.0034062932936566115
20120608,0.056672387098910836,-0.0048909171082334064
20120611,0.08494067664908363,0.006136286711202843
20120612,0.10503472969631968,-0.001055297691857782
20120613,-0.09208956510428268,-0.0015427372904586259
20120614,0.109531867767625,-0.006152298931341779
20120615,-0.05023212548633324,-0.09591897931735657
20120618,-0.05352448041570466,0.09137598913195048
20120619,0.04698850943591916,-0.0006629101999475242
20120620,0.08783071337303218,0.01616874112791939
20120621,-0.12116713364062398,-0.0018328721172994368
20120625,-0.030459207484708574,0.007771842177337038
20120626,0.013652089168327265,-0.0024300839443728156
20120627,0.013468217050866609,-0.002372928739162205
20120628,0.12555653398976374,0.00039938201420013786
20120629,-0.12890662087504587,-0.00016814140731935607
20120702,-0.07014560936675977,0.007246408520767253
20120703,0.11739849421730525,0.0021262411078892115
20120704,-0.05697743474254033,0.0036582111424987326
20120705,-0.09922663389656014,0.007111729132412501
20120706,0.05595865364804463,0.0013175503707326662
20120709,0.2208242615231188,0.0028145594896799315
20120710,-0.1322054255794189,-0.0009236169493756361
20120711,0.1864355796402791,-0.0008011586414410013
20120712,-0.14490712094369695,-0.005750162688888256
20120713,-0.010221554071538028,-0.0012823166183192807
20120716,0.13450368244346175,-0.07343160772189265
20120717,0.0497615095590638,0.09166296157979073
20120718,0.15276275455241015,-0.003521883061783501
20120719,-0.13353139262452265,-0.0056240242312128545
20120720,0.1690057808181825,0.0010658796565223934
20120723,0.15906469462968728,-0.00851769371484694
20120724,-0.0781382043091431,-0.011742712688576113
20120725,0.0748648789641741,-0.013894082846776826
20120726,0.06351340572232593,-0.008344557435146813
20120727,-0.018634079544892868,0.002050012462798811
20120730,-0.043557974339129904,0.004448566875713155
20120731,-0.006872879287762064,0.006941826818282263
20120801,0.12617682778485212,0.0029904202552575978
20120802,-0.10232561196267227,-0.0039610687668233
20120803,0.18119859204933086,-0.0024307512417668683
20120806,-0.006250020345171295,0.0030638897302999995
20120807,-0.038343355197647394,0.0013493571518183786
20120808,0.012945164592036986,-0.0014759527844381026
20120809,0.14352947630904475,0.0011177073403335193
20120810,-0.048511651425673666,-0.0017720402080223692
20120813,0.07563741420561998,-0.001267668294245119
20120814,0.16730876440476938,-0.007384335546979303
20120815,-0.06062462181643485,-0.08827262009139102
20120816,-0.09352605801082348,0.08507282214813804
20120817,0.06942850643176293,0.003987509681502388
20120820,-0.06787742240308585,-0.0005747554786599988
20120821,-0.03748309325474048,0.00044706058415398993
20120822,0.14818051284075456,0.009342397600859522
20120823,-0.024243611609992742,0.012301463842020443
20120824,-0.14145048372347005,0.00318163654648874
20120827,0.25391520998096345,0.010738358221132692
20120828,-0.07224490687332878,-0.0016857170343287167
20120829,-0.02975426108179272,-0.001626736487717831
20120830,0.03947881097378742,-0.0009896908024320415
20120831,-0.09112539983595423,0.0009690822313264609
20120903,0.07298070340623615,0.0026344510677796256
20120904,-0.044985095916809104,0.004409494721231684
20120905,-0.04069419082655442,0.0010431262003512908
20120906,-0.055843736216092885,-0.006624917832022167
20120907,0.05264373348542188,-0.005468271934122085
20120910,0.11860574240784699,-0.0012215448883841375
20120911,0.0,-0.0032786234262282246
20120912,0.0544134217237942,-0.006004020704591242
20120913,0.0545589842504344,0.0027771705344933153
20120914,-0.1056883307730386,0.003517795536767214
20120917,0.10008345855698264,-0.07950260504090924
20120918,0.0031695747612790395,0.07094680484776614
20120919,-0.012739025777429714,-0.0023289736820446554
20120920,0.015898586067798204,-0.0004412274599100966
20120921,-0.019108861698046476,-0.007467286369718814
20120924,0.27473092010470296,-0.018010036345232357
20120925,-0.20036037738363294,-0.007117775736968911
20120926,-0.01721212888112141,-0.010542151261097617
20120927,0.07683243204328825,-0.014209084785403859
20120928,-0.1303211169942744,-0.009705991437356717
20121008,0.06921000317817477,-0.02004311645678417
20121009,0.0,-0.0075487689019535205
20121010,-0.03715597688809128,-0.002683385449706916
20121011,0.027995607489427074,-0.0009501628737697359
20121012,-0.024845998586530776,0.0001391046300900865
20121015,0.03994386613164407,-0.017068053629483014
20121016,-0.10469139552580213,0.002143623543251369
20121017,-0.01008411906662605,-0.002709741405236123
20121018,-0.06634194813672183,0.003156731872961092
20121019,0.11898568162214387,0.001245813171649188
20121022,0.08872811560868422,-0.08800063518013965
20121023,0.23440070583884415,0.08795365153044106
20121024,-0.0024906613124519193,0.000305354272047466
20121025,-0.15623098014062925,0.00023482446978865038
20121026,-0.020619287202735703,-0.007754808988842652
20121029,0.06751029152672862,-0.009629519111545965
20121030,0.07707093728437893,-0.0058946328398835545
20121031,-0.019418085857101627,-0.005470354513676515
20121101,-0.019802627296179758,0.004532640303514241
20121102,-0.0057306747089849825,-0.0022396425935047983
20121105,0.14287328646595154,-0.01650559488535866
20121106,0.07135693878183204,-0.0021592451034348637
20121107,-0.074319903912489,-0.0014748902651484464
20121108,0.217787989569776,-0.000590565729903169
20121109,-0.13523758652077145,-0.008453678978178517
20121112,0.16929205650362072,-0.0156864980525456
20121113,-0.07075085611784943,0.006434446369179964
20121114,0.0870113769896297,-0.0017051157591619342
20121115,0.20359895524123955,-0.07586241280593058
20121116,-0.15634607039069398,0.0802447053689507
20121119,0.053632154915795115,0.0026451080951055664
20121120,0.01038970384913587,0.007027854645624925
20121121,-0.04492168739151168,-0.0022048540475218333
20121122,-0.04703494870497334,0.000743752513459913
20121123,-0.034585579649780034,-0.004172156944804435
20121126,0.027150989065950898,0.0038251412760434813
20121127,-0.11666758657251787,0.0037117730430490897
20121128,0.22648245257972446,-0.0023987053552870564
20121129,-0.12783337150988489,-0.003745554987258524
20121130,0.01801850550267821,-0.0016166543757065554
20121203,0.02043866767727396,0.007884403524148835
20121204,0.05071509257901643,-0.004331207503468448
20121205,-0.07115376025629037,0.0033181488447460317
20121206,-0.07660712147219692,0.0033810913390535683
20121207,0.07955263170195369,-0.0013313283197149
20121210,0.1489423347201201,0.001183490448311118
20121211,-0.1044905721492863,-0.0008628234582296092
20121212,-0.09097177820572676,-0.011235097904918468
20121213,0.028170876966696224,-0.0029724384622665445
20121214,0.10257887269594952,0.0040692577964735015
20121217,0.11365931847252148,-0.07725207954727895
20121218,-0.0027586224390797514,0.09005039269058855
20121219,-0.05976173454225429,-0.004857430679300934
20121220,-0.09208956510428268,-0.004086642385452016
20121221,-0.03601043752303305,0.014047251538266515
20121224,-0.07433761964583226,0.009280639522382866
20121225,0.012779726646399021,-0.0007033798905062479
20121226,-0.022472855852058632,0.0028105559653809004
20121227,-0.08112554481236846,0.007424404357986183
20121228,0.14708351260416574,0.0023987154392916916
20121231,0.007326040092072881,0.0006227246800201964
20130104,-0.1765578520772046,0.0005026869921894662
20130107,0.035091319811270186,0.00210375406301033
20130108,-0.02032000249095749,-0.008658478067849711
20130109,0.00584796988242312,-0.006597972046460649
20130110,-0.032595478249451346,-0.007008009993477092
20130111,-0.015174798019235115,-0.014586230983766567
20130114,0.11663690372576087,0.001955518773593476
20130115,-0.08617769624105227,0.002963111457362963
20130116,-0.05129329438755058,0.004158214763150101
20130117,0.2139788766646463,2.4553434412936135e-05
20130118,-0.17610860260923636,-0.08252155171250804
20130121,-0.05647860416047081,0.09513562842516816
20130122,0.07367100470084363,0.00435466999993156
20130123,-0.0495006437730307,0.003566354776409765
20130124,0.03807194794940797,-0.008018010931643794
20130125,-0.07455015655181785,-0.0027680670355197303
20130128,0.00947874395454374,-0.006537724844905679
20130129,0.015600940442479809,0.0
20130130,-0.06062462181643485,0.004030146021237637
20130131,0.04502368137395511,0.010089336653022772
20130201,0.29003778614424003,0.0034929273694231434
20130204,0.0694094513721676,0.006400060198150109
20130205,0.0,-0.005150390476988455
20130206,-0.11741867055852825,-0.0008649896019755508
20130207,0.051129346522604265,-0.0043362068377119185
20130208,-0.13308645379627013,0.001881331958662849
20130218,-0.010221554071538028,-0.007862341373671252
20130219,0.17544867750619267,0.010509500834492974
20130220,-0.02032000249095749,-0.0016115263676928363
20130221,0.03458557964977995,-0.008193894415377665
20130222,-0.1044166741531199,-0.07688046772521329
20130225,0.14693043185377114,0.0650396536091595
20130226,0.02454110891611766,-0.005738719984407696
20130227,-0.07550755250814517,-0.006542287850543828
20130228,0.09352605801082356,-0.0068106389066456
20130301,-0.06771817405495087,-0.007185057917250051
20130304,0.005797117684325915,0.0016375068214590873
20130305,0.0884554205618634,-0.0016879341934471648
20130306,-0.026811257450656812,-0.0021707861214016783
20130307,0.08587848913763826,-0.0019982553538658403
20130308,-0.2868511625576935,-0.0010639915884449263
20130311,0.08269171584511341,-0.0021059850722913377
20130312,-0.10594857800938066,-0.006728197051563003
20130313,0.01749315744751712,-0.01655316899134071
20130314,0.058923072996846015,-0.018498881036972083
20130315,-0.21500239373050986,-0.07847918225647155
20130318,-0.20535712719577826,0.08378829812242834
20130319,0.21029540883636075,0.0029986607418699025
20130320,-0.13142242874970214,-0.0003152253887613504
20130321,-0.00563381771825602,0.012246703008668428
20130322,-0.011363758650315095,-0.0011425901681913172
20130325,-0.11000089521432846,0.003605102915094752
20130326,-0.02055872702103666,-0.0056598536217684296
20130327,0.029241849594497382,-0.005744441092852495
20130328,0.10909991308292263,-0.008045264901236929
20130329,-0.2090317071215284,-0.012056977820883287
20130401,0.14131353306657748,-0.00915258351888175
20130402,-0.0891277798960074,-0.0038903196437929484
20130403,-0.20287022502134236,0.005426066466628826
20130408,-0.0358659131884967,0.002822848110013521
20130409,-0.06080019902696401,0.00626239802877672
20130410,0.07751368000070467,0.00404697163008456
20130411,-0.005540180375615356,-0.0007176747646659567
20130412,-0.1431008436406733,-0.00434360402049895
20130415,0.3228857076447605,-0.014526146479314765
20130416,0.027908788117076658,-0.008572064190900265
20130417,-0.03263692931302255,-0.08156522897068617
20130418,-0.10746910895358544,0.07819799198538994
20130419,0.10271850619498772,0.005114820849865714
20130422,-0.058840500022933465,-0.013651995415231972
20130423,0.0920491710195869,-0.0037129441380747493
20130424,-0.005037794029957182,-0.0043678518161457194
20130425,0.03960913809504588,0.005533094429403422
20130426,0.15484392075623482,-0.0033050536257930793
20130502,0.05310982531394833,-0.021795932924315458
20130503,0.0,0.005161374965590791
20130506,0.03953083875663522,0.0016674913776845144
20130507,-0.08068891125014276,0.0022002209096023376
20130508,0.05185336161025547,0.003431693053019652
20130509,0.02624822607493641,0.00028076480516867346
20130510,-0.1567447150043049,0.01664802793867393
20130513,-0.14420034897409015,0.010737289245104125
20130514,0.1470534179564966,0.0015284262917039438
20130515,-0.02305577629992585,-0.01927531659844913
20130516,0.0,-0.07503446378047086
20130517,-0.0058479698824231,0.09714210341398241
20130520,0.1208364731432737,-0.001578575255679709
20130521,0.03723834514011879,-0.002536376525093535
20130522,-0.08156693224734916,0.007427291907417192
20130523,-0.0553270639565963,-0.004346297554413326
20130524,0.08050321884907062,0.006863929063316555
20130527,-0.020261185139821968,-0.0025447372892123455
20130528,0.10536051565782636,0.004435556577057708
20130529,0.11895194286136528,0.0026411550186823986
20130530,-0.002339182353172266,-0.00461308936828714
20130531,-0.09835932019884272,0.0019989201685586084
20130603,-0.0828243506354133,0.0058387648889895285
20130604,0.030180617149991238,-0.007810645972549044
20130605,0.05264373348542188,-0.008117434519966766
20130606,0.007662872745569097,0.0019879368773247823
20130607,-0.08493165353638027,0.01632502087937153
20130613,-0.07112734401558413,0.0029397637292280293
20130614,0.028437935320533413,-0.005619796421715563
20130617,0.05597926774190128,0.0019571314173480498
20130618,-0.09932970861551507,0.0021938634157123403
20130619,0.012578782206860184,-0.005305620849122165
20130620,-0.003129893008927705,-0.08453289169441233
20130621,-0.009448889197932507,0.06417664530089637
20130624,0.13815033848081718,-0.008232312017305407
20130625,-0.14490712094369695,-0.009276813557185523
20130626,0.09992202502688773,-0.007590753924629033
20130627,-0.069869679960486,-0.004480584616744946
20130628,0.03554493741941129,-0.001752601081806477
20130701,0.14595391262307986,0.003220159835872565
20130702,-0.034540325252176214,0.0027880666355898807
20130703,0.034540325252176075,-0.0009284921112155925
20130704,-0.015552413007484769,0.003680761661090429
20130705,0.09274205169861477,-0.0022742916683386027
20130708,0.03561207178887694,0.000871019006754905
20130709,-0.011730339785489605,-0.0022493402049768
20130710,-0.02690745291992438,-0.00039415524595991984
20130711,-0.043350440873613866,0.002671580210743772
20130712,0.13590199823885904,-0.006706517472121152
20130715,-0.009273636785329215,-0.10844706895845885
20130716,0.01540862535284506,0.08319378011988532
20130717,0.024170360927812967,-0.0025840182774825907
20130718,0.04950064377303063,-0.0014546303440623706
20130719,-0.11423818968984367,0.0008730320957269366
20130722,0.16060071459274053,-0.003204850804167714
20130723,-0.08029001817312759,0.0004959666345302865
20130724,0.11527901002319292,-0.00828859432079056
20130725,-0.08363079907241125,-0.00924797183594454
20130726,-0.07099754973932945,-0.013266994725174288
20130729,0.10668414258833453,-0.008640015079233796
20130730,0.035091319811270186,-0.005628846651152189
20130731,-0.15847034097177473,0.010139426899116961
20130801,0.06516963507458091,0.00039257727481807923
20130802,-0.05179150912840489,0.008029031690522884
20130805,0.10305522894614,-0.000838976497944178
20130806,-0.10965591297749212,8.992401426855663e-05
20130807,0.057893978418902675,-0.01012209274843886
20130808,0.01242251999855711,-0.0009390667578905253
20130809,-0.11431682767989725,0.0030563018358950966
20130812,0.19076042543981928,0.00099657247742399
20130813,-0.16730876440476944,0.023477147304323636
20130814,0.10071397560183086,0.002150000091896471
20130815,-0.018127384592556715,-0.08760531085570034
20130816,0.07345444854915299,0.09592599638633317
20130819,0.08780220344444767,0.0033206170735401593
20130820,-0.08149303425118291,-0.0019793916924361683
20130821,0.13784597080231473,-0.005932480832601676
20130822,-0.09175486360204764,-0.001495974348774319
20130823,0.1907940719662391,0.0014666630184774598
20130826,0.1159835030491138,0.023092770229960972
20130827,0.017143276986437656,0.014417379667863382
20130828,-0.1396203093460996,-0.0014409020843307715
20130829,0.022545238321056225,-0.023688706031143578
20130830,-0.04894941251756693,-0.011296594350199727
20130902,0.114047506471296,0.009209939484969619
20130903,0.02658945418923944,0.0029258845595502496
20130904,-0.06940945137216772,-0.005714881457607247
20130905,0.01242251999855711,0.003137075219192956
20130906,0.03933941456003229,-0.0019159318447912604
20130909,-0.07696104113612832,0.005158833606761431
20130910,0.006644542718668511,-0.01696734775351752
20130911,0.1417754623996046,-0.0014711942864234424
20130912,0.014265577158822441,0.0017945667702432418
20130913,-0.04638512658093507,-0.006132456272616468
20130916,-0.1609766448976582,-0.09251642819024661
20130917,0.056587474629463626,0.07935873531530012
20130918,-0.019608471388376316,0.0025736958692608425
20130923,-0.07828722132929145,-0.007741044986646117
20130924,0.041473248206575095,0.004208001400205049
20130925,-0.034979718896026815,-0.0008702045529709833
20130926,-0.09855167372849584,-0.0014119416540198505
20130927,0.05218575317057025,-0.0008721936221119758
20130930,-0.08611169181873207,-0.009249809012470293
20131008,0.07247264881299108,0.021897040809806635
20131009,-0.14006593994551936,0.01248927496274882
20131010,0.003490404939768568,0.0038948727764698387
20131011,0.13353139262452254,0.012403034607728285
20131014,0.10536051565782636,0.004924203289438764
20131015,-0.07197349962508923,0.004242395860067417
20131016,-0.09054542987268567,-0.0021476133961348663
20131017,-0.016474837203505097,0.014004954076513676
20131018,0.006622540760493457,-0.00090495184479609
20131021,0.003262645634816369,0.02594429157231413
20131022,0.009724549891994779,-0.08581414100869521
20131023,-0.01626052087178029,0.09497970557079632
20131024,0.009788006366162944,-0.0016403306209585872
20131025,-0.013072081567352777,-0.005239707481914083
20131028,0.10241500542806954,-0.0016792152927972534
20131029,0.0117303397854896,0.0006610113714298362
20131030,-0.05698693137361052,0.020304574375590554
20131031,-0.05064373281875492,0.0033130004849284776
20131101,0.09884583463663264,0.006513109503382591
20131104,-0.02402517958698988,0.00013357019801601397
20131105,-0.1056982964413115,-0.0046856050490764025
20131106,0.07169192845611648,-0.002230014760981368
20131107,0.034006367985195164,-0.0008341742831511354
20131108,0.06187540371808745,-0.0029656012244932035
20131111,-0.2363887780642304,-0.002568297820179916
20131112,0.12825433552367885,-0.0033894201295679932
20131113,0.1620558593343715,0.011235769787933832
20131114,-0.11091689784318418,0.0019587068068769703
20131115,-0.02976410190645386,-0.08135926938054633
20131118,0.0870113769896297,0.08387580217866174
20131119,0.06621122852507462,-0.0023021130706790396
20131120,-0.08120401311121601,-0.002898552754011304
20131121,0.044320399680661315,0.013905979894740385
20131122,-0.10986647757853228,0.015230523389933134
20131125,0.03822121282019767,0.004090198358203886
20131126,0.08100378415308704,-0.01261070555396985
20131127,-0.03818378697015876,-0.005147371033577294
20131128,0.035297782081023896,0.000555607014941245
20131129,-0.1765578520772046,0.00015868817806384861
20131202,0.009022617599637552,-0.0013496528677906753
20131203,0.04106148679777392,-0.008483529371914015
20131204,0.05315936828009585,-0.002674298922230049
20131205,-0.08527891770220854,-0.0013130218802945611
20131206,-0.09323518276516453,-0.006861044228544035
20131209,0.04046794955284642,0.0055999930961879735
20131210,-0.1044166741531199,-0.0009669881760239777
20131211,0.17019380466783401,0.0008327401660491546
20131212,-0.13618743668263886,-0.0006446414405351522
20131213,-0.0659579677917974,-0.01668963149594489
20131216,0.19825158330569465,-0.08957288565070874
20131217,-0.05315936828009592,0.08864354295706131
20131218,-0.0996298409488413,-0.007245612991957366
20131219,-0.028987536873252295,0.0020637570441322923
20131220,0.0815498669641077,0.0009341686578900968
20131223,-0.033693845786472644,-0.0026949746813766575
20131224,0.009302392662313409,0.0004955401488916599
20131225,-0.037740327982847086,-0.01051388928661254
20131226,0.15963014559188393,-0.001614519891964329
20131227,-0.11267316250411287,0.005694855310388858
20131230,0.0030165935394257273,0.009346764305352754
20131231,-0.07503518594291407,-0.0031884802032721283
20140102,0.16678029958274276,0.008689390365013733
20140103,0.08650924290928252,-0.0038556768530694724
20140106,0.1291146016659334,-0.009580252213397644
20140107,-0.05203485912305412,-0.005631160943335374
20140108,0.10417286706217012,-0.022278149093728196
20140109,-0.1191208284980434,-0.0013093105220579227
20140110,0.003007521063955323,0.003042930384153979
20140113,0.005899722127188322,-0.0022742142445442075
20140114,-0.002945510229756803,0.0008250004023965395
20140115,-0.008888947417246041,-0.0027336425702604644
20140116,-0.07731824778397005,0.005516549378362638
20140117,0.09793753498670583,-0.0013620887463434736
20140120,0.17421496926096622,0.01224862207619902
20140121,-0.0058309203107932105,0.0010373299498949967
20140122,-0.060259191518196836,-0.0006447001666869806
20140123,0.05439407206579877,-0.0028641246097569654
20140124,-0.20132450391957,-0.00019685869827484965
20140127,-0.07179369201874305,-0.00918280098233498
20140128,0.00966191091173689,-0.016715713496397097
20140129,-0.08004270767353637,-0.0016176559076717825
20140130,-0.26479777861819304,-0.002402420942165673
20140207,0.05697743474254036,0.009001012793790886
20140210,0.21024014647830191,0.007382430232198525
20140211,-0.2461330695389085,0.0010542663141158526
20140212,0.19278708883361584,0.0019631000514710125
20140213,-0.03060044044871704,0.008575241102899825
20140214,-0.03448617607116932,0.010763039042803563
20140217,-0.017391742711869218,0.0007802920917584422
20140218,0.04292504471703384,0.006552666715785692
20140219,-0.0786431273191131,0.009612148315236742
20140220,0.07020425867324856,-0.0006032024749688951
20140221,-0.04921398278141267,0.011100769939414463
20140224,0.039002157803269176,0.0037631178079779596
20140225,-0.06782259633876106,0.0012962114639263002
20140226,0.14154017223532875,-0.0030812500728134885
20140227,-0.18333730091379,0.006852298312795966
20140228,0.14452259669828266,-0.005851202435143628
20140303,0.056672387098910836,0.006093141172059372
20140304,-0.011080445776571907,-0.00045704454291317946
20140305,-0.014025475354504434,0.0076347495779994995
20140306,0.07087433958665709,-0.00040037903082593997
20140307,-0.08796877294595716,0.006307322209955247
20140310,0.13316040393542253,0.0004774155993392705
20140311,-0.053345980705292735,0.004735270676378815
20140312,-0.013793322132335872,0.003950908579279697
20140313,-0.031032109247728524,-0.0034232180047804573
20140314,0.06650649744138845,-0.006828675098234607
20140317,0.08185102643032004,-0.005058853112690059
20140318,0.010781775603288413,-0.005487092366211916
20140319,0.06738299724604796,5.3678305925465926e-05
20140320,-0.10008345855698253,-0.0086524616945983
20140321,0.021918685707646275,-0.00553792440660335
20140324,0.110256486270033,-0.0010077214094789304
20140325,-0.03352269203864356,-0.0024827787120961266
20140326,-0.020086758566737344,0.0026462619962944293
20140327,0.005780362915499329,0.0013341140331830882
20140328,0.0,0.0002176456193808438
20140331,-0.01197619104671565,0.002960711646529234
20140401,0.02381064869371861,0.00046097320392746903
20140402,0.05715841383994862,0.013731301849455084
20140403,-0.07197349962508923,-0.00875549450927263
20140404,-0.080789254927321,2.697489985734402e-05
20140408,0.011267724846342288,-0.003079834934786635
20140409,-0.014104606181541938,-0.0005142292763896833
20140410,0.014104606181541943,-0.002656548051888884
20140411,0.027626066274931096,-0.009682730060927548
20140414,-0.08723476579877948,-0.0029094522760515057
20140415,0.0445683194798766,-0.0006049107941061496
20140416,0.025317807984289783,0.011838987750674374
20140417,0.06531946612064246,0.005772764862527995
20140418,-0.08043310393069071,-0.004251810713979448
20140421,-0.016043124840575573,0.002547841135415947
20140422,0.04480327701583832,0.0007847276180318776
20140423,0.01280427224598775,-0.0001352539394771781
20140424,-0.03101023674256032,-0.0002435032005646928
20140425,0.1302451589737038,0.0031878994983987104
20140428,-0.0899755968183469,0.0023169986387403647
20140429,0.042347547829092363,-0.00507204454310655
20140430,-0.20501616672165315,-0.0028982779609172233
20140505,0.1004515793047436,-0.014123409608513313
20140506,-0.08004270767353637,-0.004273451865542106
20140507,0.08469387884926731,2.7629270450838573e-05
20140508,-0.1180731009231018,-0.0033764181192262664
20140509,0.05585207792589321,0.00022175407563978237
20140512,-0.13952941127307625,-0.000499015840246316
20140513,0.013280407667894466,0.0009977827878799345
20140514,0.09314905517883687,0.0015777894848585203
20140515,0.16982391378142675,0.0021826529269038703
20140516,-0.3033553064059494,-0.00226563244484062
20140519,0.06516176827522753,0.001934396933365466
20140520,-0.14562018994352666,-0.004260623404683833
20140521,-0.07577255847233025,-0.007821346669741764
20140522,0.09980575791648642,0.003486802511712492
20140523,-0.043133370817575616,0.010691141854577967
20140526,0.05154515183756599,-0.0020959742918647255
20140527,-0.14107859825990549,0.0002484369190037845
20140528,0.045768418455580585,-0.0005521658846566118
20140529,-0.0026350476380051138,0.0003313361159064238
20140530,-0.08246428287999917,-0.0050370968895642925
20140603,-0.08047235322257308,-0.00701659568102642
20140604,0.1208818915604498,-0.00019560995437596876
20140605,-0.03015303817068756,0.0006705034614501338
20140606,-0.0470060423759306,-0.0024607137297732898
20140609,-0.11385375751649385,0.0017343146812649492
20140610,0.07641623044436315,-0.0022383892949796678
20140611,0.010840214552864809,-0.00855186938048959
20140612,-0.035669076206734776,-0.0006782726916150604
20140613,0.0804723532225732,0.0008195216148269559
20140616,-0.010899290458035631,0.0020317753977104848
20140617,-0.07095173597228449,-0.0028795683609412134
20140618,0.13205972201306632,0.001807756897134407
20140619,-0.091708426489499,0.00042322071591715876
20140620,0.03878602503515645,0.00236673163557772
20140623,0.06678824087158672,0.008295546703148261
20140624,0.03315220731690055,0.005843901423274678
20140625,-0.1273394223766015,0.007298495297348656
20140626,0.08288765980576765,-0.0017920410624083236
20140627,0.0056657375356773,-0.0018781941717941689
20140630,0.05815592015707406,-0.004961001264412223
20140701,-0.055166381308708025,-0.017489235014929053
20140702,0.0664024545756338,0.0011868095998701883
20140703,-0.0784146110236374,-0.001554441067608273
20140704,0.06717853775671152,-0.001840187369025443
20140707,-0.048930623471580136,-0.0027808536407600425
20140708,0.04893062347158013,0.0015900060135686615
20140709,-0.14158945395428504,-0.0032963940051163724
20140710,0.1130974981599788,0.005931366984160715
20140711,-0.05342516667358056,-0.0015008002363931202
20140714,-0.0309448038494216,-0.011056133594257113
20140715,0.0874874541231158,-0.007333414129036832
20140716,-0.03733767043764424,0.0006925008211650728
20140717,0.03208831455150045,0.0010666667678024464
20140718,-0.037537919319065215,0.00011524720538286413
20140721,-0.027822505599299188,-0.0021342262881401675
20140722,0.06961963427776062,-0.008437155919709886
20140723,0.03730705241281061,-0.002098575488184229
20140724,-0.0314761321020174,0.0003500685586670955
20140725,0.03709412440624079,0.0018067378734571331
20140728,0.12026486639314365,-0.006455121504711866
20140729,-0.020029281875572527,-0.001466232924479091
20140730,0.12482306473273835,0.0009386366992090975
20140731,0.012674440896727859,0.0009084649034257338
20140801,-0.010126668817929159,-0.0009671038925063634
20140804,0.06669137449867214,-0.0027893201871512707
20140805,0.07006756261671684,0.0006172567543100165
20140806,-0.09455858262501267,-0.0009995591013034339
20140807,0.12662051508467553,0.0007644585947543485
20140808,-0.14328756756988734,0.0019965947087187586
20140811,-0.04320875433123681,-0.0008216445089275881
20140812,0.06047182175501754,-0.006656676814519133
20140813,-0.02475373915293829,-0.0011532150841163877
20140814,-0.012610507591929694,-0.018272983277193587
20140815,0.03980625040041957,-0.004348489413022866
20140818,0.08237099743312756,-0.013589483964004818
20140819,-0.05007005264480639,0.00036806429271748293
20140820,-0.0656801668621557,-0.011039273377995425
20140821,0.005208345107138261,0.002075300037066993
20140822,0.0750351859429141,0.0012678388141688565
20140825,0.02000066670666944,-0.011593882295546098
20140826,-0.004962789342129014,-0.003319453146664629
20140827,0.07428563938346883,0.0008465675329619138
20140828,-0.1626547898335589,-0.002573277011506077
20140829,0.083381608939051,-0.000691519484399908
20140901,0.08369901887664684,-0.009223933736622798
20140902,-0.15496203889813756,0.004591012860675677
20140903,0.0686140118499137,0.008586983643893716
20140904,0.07902198695615098,-0.001975077058699844
20140905,-0.02481516911972402,0.004071284318258424
20140909,0.036883613430554615,-0.002597444699957747
20140910,0.08025695513016748,-0.01131308645135554
20140911,-0.0500763379801762,-0.004733247928918046
20140912,0.0026990569691649835,0.0015908371156488597
20140915,0.09010183469718663,0.007727181622339619
20140916,-0.0426731411260757,0.010450268488477474
20140917,0.12532341220669307,-0.00012488292242269404
20140918,-0.1171822546229932,0.0038641369365126927
20140919,0.03974032864951412,-0.002771939795594967
20140922,0.0773866636154202,-0.01781041415039105
20140923,-0.02695580998852822,-0.007073246847939091
20140924,0.0,0.0060249787765335175
20140925,0.11839001594816008,0.005198769079172162
20140926,-0.2341259679828188,-0.0010755750617752083
20140929,0.040933408926253086,-0.0037101087411904503
20140930,-0.07205331764005754,0.005481028184470205
20141008,0.16024935343845534,0.002083136819967352
20141009,-0.1806062905071996,0.0010714399285482225
20141010,-0.026043138536019982,0.00015746791623754235
20141013,-0.007566240383315812,-0.005304549712206225
20141014,-0.038714512180690386,0.0014236228855290457
20141015,0.0,0.001326888641273111
20141016,0.0182534403093503,-0.008019695886651492
20141017,0.010282866955584056,0.0005090839780315439
20141020,0.0695260626486103,-0.005998167490514755
20141021,-0.04061471915419024,-0.004040279978211602
20141022,0.08916794457118105,-0.0011895386314816978
20141023,-0.06865440473807799,0.002955160829782891
20141024,0.047096683663099034,0.004480294232761939
20141027,0.105625732474127,-0.0034864973663833463
20141028,-0.09769966720170632,-0.0007051734377735776
20141029,0.07109592168373026,0.011382055256231715
20141030,-0.04768783078571535,0.024550331200846556
20141031,-0.08584356183880726,0.005337130316925363
20141103,-0.05686286189454321,0.003991898686725036
20141104,0.018445845790751432,-0.0016255428444096195
20141105,0.025774622688615155,-0.016558463159745244
20141106,0.04963798109177153,-0.013257293940972224
20141107,-0.11808574490646255,0.004921300824931282
20141110,-0.018301164382404467,-0.0008500323209264761
20141111,-0.005291017634415547,0.009903553427944852
20141112,-0.010666767804195192,0.009250415178947662
20141113,0.08968875476034621,-0.0032186212485304003
20141114,-0.08434114843375093,-0.004006776493088402
20141117,-0.007722046093910278,-0.0004980854942186941
20141118,-0.04492168739151168,-0.002369299982937478
20141119,0.08791187232287989,-0.00028094710575151424
20141120,-0.06124362524071868,-0.0016873422120443412
20141121,-0.08509933051800432,-0.0016275433952599048
20141124,0.05628083589858957,0.001283476204927665
20141125,0.07659244548138387,-0.002788178683188409
20141126,-0.02567235505412684,0.0037887728694188318
20141127,-0.07102126974834412,-0.0018456249862452271
20141128,-0.007643349312568012,-0.0077637945179133494
20141201,0.02156417791584064,-0.02450014744253365
20141202,0.057010254716779576,-0.007172211769645447
20141203,-0.012674440896727824,-0.003981468610498547
20141204,0.03755134565213241,0.001307147011386611
20141205,0.014634407518437776,-0.0034676820930128155
20141208,-0.046162041763162485,0.0019316085823840475
20141209,0.08547914510399726,-0.0039654631084387205
20141210,0.05165467486489193,0.003081969652629314
20141211,-0.009195467093100276,0.0002291288204981271
20141212,-0.11749439371470563,0.00039267016211361796
20141215,0.14712730867216178,-0.004393593742664774
20141216,0.04380262265839284,-0.004247968847822986
20141217,-0.053802705992976325,-0.009816029737656468
20141218,-0.007566240383315812,-0.004676495812719802
20141219,-0.046640577453111134,-0.003555380413891369
20141222,-0.06727318060742486,0.0014773531210006707
20141223,0.05758787487296117,-0.0029232418377342167
20141224,-0.0890040711063401,0.0023527050142433978
20141225,0.05182506786458595,0.00107368148819333
20141226,-0.07605236319991024,0.004483562233611586
20141229,-0.114113306767421,0.014286194017114697
20141230,0.15728547863262982,0.002333953492877734
20141231,-0.20800057121164625,0.0011813350458311713
20150105,-0.07659244548138383,-0.005162192731766145
20150106,0.0221411258772135,-0.001847758469429017
20150107,0.12559241962941126,0.0031984200046691067
20150108,-0.08040042543803777,0.00554818317222913
20150109,-0.02353049741019416,0.0013086865927980232
20150112,-0.03645604196098762,0.005087575791162371
20150113,0.0,-0.012537194281023055
20150114,0.043590436074861766,-0.009897957232925124
20150115,-0.03373813963185012,-0.00885508601434108
20150116,-0.007380107297622535,0.004554290907206393
20150119,0.025063968663216217,0.00023385170567770354
20150120,0.007398307481444925,-0.002608871638248947
20150121,0.15450161859204625,-0.00010047726710286663
20150122,-0.1398672110736085,-0.003993762964516181
20150123,-0.05986824934258653,-0.0029636636382606818
20150126,0.06933469340106417,-0.0044281513025724185
20150127,-0.05406722127027582,-0.0075833937628322435
20150128,-0.005063301956546762,-0.009259325412796712
20150129,-0.010204170174241736,-0.007643261197334788
20150130,0.025317807984289783,-0.0255279148368609
20150202,0.1597592194868678,0.005753061075281894
20150203,-0.12620768531563506,0.005614520654582213
20150204,0.08510600963008315,0.009008912038732386
20150205,-0.10561954946318616,0.004283109185564328
20150206,-0.07530438306413059,0.018214561793797233
20150209,-0.04348511193973878,0.001738626923040219
20150210,0.054067221270275787,0.003841516852138706
20150211,0.0026281224062694084,-0.0015620227971411185
20150212,-0.051155163300929896,-0.002109203027220311
20150213,0.05639077735487495,0.0036712258243613493
20150216,-0.03191760296830508,0.004739024507955633
20150217,-0.09937247381320373,-0.00040532325083725567
20150225,-0.028573372444055996,-0.011621320774120356
20150226,0.1044905721492862,0.003173576688044571
20150227,0.08744644334411024,0.00746753410747276
20150302,0.13976194237515865,0.01640123297341679
20150303,-0.09851898384110963,-0.0034323642008529448
20150304,0.07302513501488983,0.00033375609414688175
20150305,-0.07808843697143658,-0.009825534689520481
20150306,0.020101179321087303,-0.006864512541673226
20150309,-0.04277381598328636,-0.010231663898539864
20150310,0.052577816079907184,-0.008365080878622816
20150311,-0.009804000096620856,-0.005164029705845721
20150312,0.01951281422358172,0.0010418838200252154
20150313,-0.029413885206293337,-0.003059275808583076
20150316,0.00921665510492405,-0.011204206700498492
20150317,-0.08368081604246515,-0.00024650057348165184
20150318,0.017305747097592427,-0.006926801798212888
20150319,-0.004914014802429039,0.01384092954413883
20150320,-0.10371982620036638,-0.0024162636727328365
20150323,0.05918887139033065,-0.003758544565490478
20150324,-0.14575688769878958,0.005510042543641266
20150325,0.1526297669865517,3.499868755272784e-05
20150326,-0.013793322132335872,0.0005248333774535645
20150327,-0.02579275456172884,-0.0015402929601336037
20150330,-0.03861483612777954,-0.004881570388508648
20150331,0.4440799442359439,-0.001550224035926939
20150401,-0.06791120561621039,-0.0016938988416971658
20150402,-0.2528600236426868,-0.00010596400765794394
20150403,-0.07714667321388433,-3.532383122640679e-05
20150407,-0.014598799421152638,0.009842253165141887
20150408,-0.12238921607128082,-0.0021710212323068825
20150409,0.1345696346281518,-0.006541487770309912
20150410,-0.052185753170570184,-0.002791373294552573
20150413,0.290269396016732,0.00420176103231362
20150414,-0.22751355098532816,-0.00193979640066342
20150415,0.028778964550043324,0.004614065210057944
20150416,0.01175101653551873,0.00469780698504546
20150417,-0.10069850255201504,-6.995452958428285e-05
20150420,-0.05429308236666225,0.016134138992968016
20150421,-0.02829350864261186,0.013775405404571128
20150422,-0.04515439748054418,0.002644427903935708
20150423,0.016036998909817104,-0.0008468118043505557
20150424,0.0890925431934544,0.0023692683278056987
20150427,-0.09076520931426713,-0.0025726099084704313
20150428,0.08859365580075934,0.0005082764455527261
20150429,-0.05588045839445661,-0.0015256050286648706
20150430,-0.04225980928988261,0.0015594809412004863
20150504,0.0,0.014427935290126197
20150505,0.03488725900044054,0.008710161450315737
20150506,-0.0019065782705815317,0.013447293756824175
20150507,-0.0389154162496735,-0.0010129230227755145
20150508,0.06528229209041578,-0.008404238429390398
20150511,0.11506932978478727,0.006866556753618011
20150512,-0.04067103973092775,0.0049318300339227785
20150513,-0.019048194970694474,0.003674860637353255
20150514,0.01526747213078838,0.0038877778509729334
20150515,-0.07673379423138944,0.0025834800909317677
20150518,-0.07251940946858408,-0.003942483697601052
20150519,0.008510689667908609,-0.007540337338411478
20150520,-0.01365208916832732,-0.014889101858349008
20150521,-0.029644716584996886,-0.002121524314801372
20150522,0.0035335725813110445,0.005658425778963056
20150525,-0.028573372444055996,-0.012684878703812043
20150526,-0.025689486115310897,0.01860672782949144
20150527,0.027499441360550308,0.008882561178082022
20150528,-0.03309125462632822,0.015197027271472935
20150529,-0.01127831503770719,0.003356619682090761
20150601,-0.04171048858137028,0.010255523200959142
20150602,0.14137095318085946,0.012587469031434966
20150603,-0.03767849462373005,-0.0006240639243976036
20150604,0.06776785880522064,-0.013512445170202078
20150605,-0.09827870006875884,-0.0005379832089121295
20150608,0.10596456279186807,0.006279505022533978
20150609,-0.14603155538875415,-0.013682356984452656
20150610,0.05951412753240772,-0.00019135704092831837
20150611,0.02052858014112873,-0.0005104645338001949
20150612,-0.09589089991356008,-0.012071547642003775
20150615,-0.03110670713225492,0.000710341962644826
20150616,0.007867861200613738,0.0026432017451949847
20150617,-0.04487932617743296,0.002026017319223526
20150618,0.051129346522604265,-0.0037336294941323
20150619,0.007757990810939338,-0.008094326392518846
20150623,-0.11532765620009952,0.006480694079564396
20150624,0.11381365136888445,-0.0029759038620739966
20150625,0.0,0.009767811901885517
20150626,-0.12921173148000625,-0.0023767475456900207
20150629,0.046117682094965536,-0.0031240464062422964
20150630,-0.0913742736830864,-0.01334630386657007
20150701,-0.02500130220541727,0.01312047920233115
20150702,-0.10325303331826156,-0.002455098791000992
20150703,0.04292504471703384,0.0023260332255147054
20150706,0.02675744916954933,-0.019123284045920955
20150707,0.10039772631569724,-0.006931178319390822
20150708,0.0074349784875179905,-0.023219846088570983
20150709,-0.08984366696714205,-0.02228027039166556
20150710,-0.1370104637436034,0.02150030528099546
20150713,0.07683243204328825,0.003893756295048885
20150714,0.0891527054309729,0.00978570230098544
20150715,-0.11521281210083788,-0.0011049169925272612
20150716,0.06855273063477546,-0.006419219138875591
20150717,0.007674634753108665,-3.371714685825254e-05
20150720,0.05908891637000657,0.0015498133219016194
20150721,-0.0016406894574598884,0.009248775799672761
20150722,-0.19521216662503224,0.0016996887996534426
20150723,0.07310946982413236,-0.011217824870315096
20150724,-0.011194146743152587,-0.0013141713346553428
20150727,0.1947359599423366,-0.009043704838308669
20150728,-0.00978800636616282,-0.008165262905414375
20150729,0.09531017980432492,0.001953426827924104
20150730,-0.04886468259414696,-0.003017421024850514
20150731,-0.01895791374461416,0.0037703557946694474
20150803,0.05810763080728076,-0.017323322199372816
20150804,0.0805388624840124,-0.010990275473896409
20150805,0.03365350504164258,0.0028115573451545496
20150806,0.08280590368423249,-0.011506956942288354
20150807,-0.10609662169032856,-0.011892360217280353
20150810,-0.004501132880791538,0.004373393836156936
20150811,0.0891394368776652,0.008618900850776106
20150812,-0.00275482267884462,0.0029744011164415766
20150813,0.06410739373274722,0.0003181617348976989
20150814,0.029320137256961008,-0.0034698898250098277
20150817,0.051907859602017936,-0.0019526748966314943
20150818,-0.014369940282952675,-0.0020277127596517158
20150819,0.024692612590371414,-0.008439472205356697
20150820,0.002564103968937634,-0.008438868645864595
20150821,-0.11810318933288153,-0.013417147462157213
20150824,0.11108508697225593,-0.027764054933140492
20150825,-0.13404355652816372,-0.03788113226585242
20150826,0.10617985204122876,0.004029030074279968
20150827,-0.05556985115481077,-0.011701551039722344
20150828,0.034464163942485464,0.03118569919359388
20150831,0.030323730327797362,0.003744893367387187
20150901,-0.093877514802829,0.005363574872019225
20150902,-0.03200273108617383,-0.004562919054041197
20150907,-0.07367100470084371,-0.008381380509236291
20150908,0.10856638055145952,0.007733279992850842
20150909,0.010914160180678551,0.01265695777970281
20150910,0.014815085785140682,-0.00015063643923939952
20150911,0.19494211620300167,0.01019193474625388
20150914,0.011834457647002798,-0.008987478111634317
20150915,-0.0445052399365516,0.007532498280630608
20150916,-0.1860184186752808,-0.015501269795772427
20150917,0.0700787015131865,0.010861063887296605
20150918,-0.023760726489143638,-0.017747802795668777
20150921,0.04986370157795618,-0.005973824918638195
20150922,-0.054385186296802036,0.009175779320085684
20150923,0.031229303633781867,-0.0032783165106059294
20150924,0.010196738020515085,0.006432114128016293
20150925,-0.09256034089086453,0.020242161753720664
20150928,-0.0390120392750156,0.017285973582702372
20150929,-0.0200920000826886,-0.0036974032201219963
20150930,-0.016744577273801662,0.002124932105665013
20151008,0.007246408520767253,0.002850566561314071
20151009,0.01611494139240658,-0.0005110421721004721
20151012,-0.020055366813348317,0.019668023724972356
20151013,0.04677111419239558,0.005284594173821525
20151014,0.054714500408876696,0.008934328733765774
20151015,-0.06354068303714862,0.0014460808445380272
20151016,0.02278801501004056,-0.0015872739263114773
20151019,0.047006042375930576,-0.007476339191456762
20151020,-0.10763066419236544,-0.014941962424852998
20151021,-0.1036784294748415,0.0052928274496052965
20151022,0.04718824152009871,0.009435718171421225
20151023,0.09184270667046264,-0.0025645606219705194
20151026,0.051672010544320864,-0.013934504512712036
20151027,-0.053567745709220065,-0.009776030468072565
20151028,0.04634749773573292,-0.004722256418843094
20151029,-0.15234072458201878,0.0031872245030824717
20151030,0.0906965614708122,-0.0038112036750832575
20151102,0.21570857282669165,0.003006197959979778
20151103,0.0942920225807847,-0.006684565971207461
20151104,-0.13815033848081718,-3.6852094124431616e-05
20151105,0.05129329438755048,0.005879127718352753
20151106,0.03993271033537101,-0.013536897785270745
20151109,0.9957352720973536,-0.0017097197994936015
20151110,-0.6603994709794698,-0.0052589495165996526
20151111,-0.2409897865818875,-0.01362972906738211
20151112,-0.3575940616504953,-0.0008722860134012559
20151113,-0.24493090549911706,0.0015544142799599917
20151116,-0.0842119350494138,-0.007376459302749925
20151117,0.08274242707005376,0.0008773770804490342
20151118,-0.11851860023533747,-0.005467523991454453
20151119,0.014790738001396473,-0.004803913852210896
20151120,-0.12125561600227595,-0.005059390921639987
20151123,0.14399830836324026,0.0037487242215422053
20151124,-0.19051832399813312,0.011925216573205595
20151125,0.0329604858492606,0.007367494969071186
20151126,-0.10801857683930273,0.01173607602461063
20151127,-0.03285319618718712,0.011156264607100673
20151130,0.007874056430905866,-0.006641584252574095
20151201,0.005865119452398058,0.01507454837061378
20151202,0.0947784063272893,0.003842991279167763
20151203,-0.06975303876034908,0.0021529319195504205
20151204,-0.00380952841666773,0.008384956293857897
20151207,0.031454952167886206,0.013356990078211185
20151208,-0.05619455834364194,-0.0057589628520117436
20151209,0.10246615763146187,-0.007417309777437896
20151210,-0.0034843240826109225,-0.0033667018243076895
20151211,-0.1812749842232836,0.005208156732562139
20151214,0.028987536873252187,0.008942258506779202
20151215,-0.041938689220330186,0.009075602821857426
20151216,0.0508276366375762,-0.009075602821857369
20151217,-0.08299691957096791,-0.01053076384098918
20151218,-0.057384683780952475,-0.012068046574143105
20151221,-0.02582069962174275,0.006342978396892059
20151222,-0.062260768427731365,0.015612078196072602
20151223,0.0722708620228318,0.006276768111065644
20151224,-0.07656271410437293,0.011734071158939726
20151225,-0.00863936259070774,-0.0056377880125144065
20151228,-0.01600034134644119,-0.005101328903306798
20151229,-0.01831180364233773,-0.0057702742474310025
20151230,-0.008247469430017114,0.02862821166578554
20151231,-0.07522342123758753,0.006367023827726397
20160104,0.055623157479618886,-0.0035937700657094345
20160105,-0.04191089561563683,-0.004893039797216563
20160106,0.043774829053699636,-0.012426433594192678
20160107,-0.09363560503399268,-0.005014134799017989
20160108,0.01017302771305057,-0.0014524330803148745
20160111,-0.07955263170195365,-0.0033735228457181764
20160112,0.01684250339449748,0.001208674160653981
20160113,0.03083491977700724,-0.0027393865966591096
20160114,-0.06480846310168842,-0.000213774184018549
20160115,0.0,0.0027044354964705216
20160118,0.08510600963008315,0.006552755227827004
20160119,0.1511491768235017,0.004438502425430606
20160120,-0.05139877405644222,-0.00028122473556882005
20160121,0.0906965614708122,-0.009857517947045003
20160122,-0.0864860289344686,-0.004590837081250896
20160125,0.05171783270850972,0.0014970062675931887
20160126,0.014014243374811766,-0.002353445673330568
20160127,0.01185784645078347,0.007469091488025625
20160128,-0.036003888756002175,0.0006022069294093366
20160129,0.008113634774169631,-0.0023755085715746077
20160201,0.18536801764211966,-0.003342344172529589
20160202,-0.06682249624540175,0.005469929103315255
20160203,-0.02261144638654692,0.001804894939040263
20160204,-0.08004270767353637,0.0033886371995368414
20160205,-0.03670136685042793,0.0030610653179236006
20160215,-0.006904515346544487,0.030583211740356327
20160216,0.031820866611078975,0.0001703490456055206
20160217,0.07538551943703152,-0.006390889987425058
20160218,0.07203112820888273,0.0040033585828141765
20160219,-0.1057896081338372,-0.0015720586949721238
20160222,0.07247957251038406,0.016350986760134342
20160223,-0.03668156663460498,-0.0037418506805558614
20160224,0.06385147198653278,-0.01032021924060997
20160225,-0.06385147198653278,-0.0027336425702604644
20160226,0.0842603436177398,-0.0007188211642928327
20160229,-0.03285716515777505,0.0024282232899416945
20160301,-0.07362631524467501,0.000819476263976495
20160302,0.07779298793952102,0.0064300151797098215
20160303,0.04073883097910362,-0.009266896514909454
20160304,-0.0745686954975085,0.017271938164287556
20160307,-0.06439993060308284,0.009008919082642819
20160308,0.006629858538669582,0.0074404116581608054
20160309,0.09250287898330503,6.618352694430983e-05
20160310,-0.034732806918891725,0.009058778903826031
20160311,-0.07107403769077596,0.0040906544811180195
20160314,-0.08004270767353637,0.009620459015086798
20160315,0.08594242980072463,0.005419368102371205
20160316,0.005865119452398058,-0.0003539424397843303
20160317,-0.03976667112807943,0.010436770366107516
20160318,-0.17223065381199176,0.01432412912187951
20160321,-0.002209945650802844,-0.0005338609262097205
20160322,0.07252644406826259,0.01474856411106115
20160323,0.03039747718437095,-0.0003405309219502071
20160324,-0.11628714906480075,-0.0135916553492459
20160325,-0.06483751949530771,0.009278562013366094
20160328,0.1548647105609153,0.01499981828477657
20160329,-0.034861918166219,0.006929738484369444
20160330,0.04339075451373948,-0.002985804424046377
20160331,-0.18615053403105195,-0.007165635756145664
20160401,0.012706651269114884,0.009786310098545307
20160405,0.03991660740544263,0.005372195938751326
20160406,-0.05818195538273582,-0.01175302022603046
20160407,0.09447195678793642,0.00012250398153256366
20160408,-0.1060595719603242,-0.007685487735727883
20160411,-0.013303965626362815,0.0009562146967739139
20160412,0.13548261275578447,0.0004931726512435801
20160413,-0.13325295742851526,0.011824669085372084
20160414,-0.08599953839272788,0.0037691159852193522
20160415,0.0474022388945839,0.0007581846391067997
20160418,0.11490035853765898,0.002210614875558919
20160419,-0.032866808080352104,0.019025936062493077
20160420,0.039771323426896654,0.019194898645772604
20160421,0.8489347898736905,0.010887612979575599
20160422,-0.37835793046035227,-0.012402720638075886
20160425,-0.3185849044642988,-0.005760839408245281
20160426,0.005755411570620752,-0.0010269803282280747
20160427,-0.2242201708332398,-0.0027339690423188218
20160428,-0.03470667976549965,-0.024103295544665598
20160429,-0.05934755657060128,-0.00483662259017117
20160503,-0.1402733205504552,-0.0006365469062028242
20160504,0.11961142848649832,-0.006174267222944452
20160505,-0.016842503394497464,0.004414077396384921
20160506,-0.01497354179016248,-0.01808367543329535
20160509,0.014448135747386053,0.013242378012103083
20160510,0.032260862218221484,-0.002505960604859889
20160511,0.021590632592367445,0.014248847353030463
20160512,0.08376988306545874,-0.011193637375153512
20160513,-0.08766093855842542,-0.02972263006527514
20160516,0.10634428356795908,-0.01398756982581878
20160517,-0.16303962724450435,0.0006371659076948742
20160518,0.004158010148663677,-0.0023276216168486596
20160519,0.1283311728974152,-0.010848390886814179
20160520,-0.08171685767265575,-0.0021321280892531956
20160523,0.03960913809504588,-0.01886910029380501
20160524,0.005808341595746955,-6.591306069679648e-05
20160525,-0.003868476777920317,0.0015478095003610653
20160526,-0.05374427600669069,0.015380146108752837
20160527,-0.031155167779795576,0.002621318308161217
20160530,0.02298951822469878,0.0063788876091483045
20160531,-0.09322901360050026,0.0007704407944257631
20160601,0.05264373348542188,0.0005132976276441983
20160602,0.015655897072553063,0.001250060261827088
20160603,-0.009756174945364685,0.00937357413238334
20160606,0.001924928409584418,0.006894179926499547
20160607,0.08122543992258577,0.007285091567812874
20160608,-0.13049648892936866,0.0003753753797831991
20160613,-0.04492734159725125,-0.0033520809571162733
20160614,0.06358073218838499,-0.01568709230102251
20160615,-0.03340602906617208,-0.014642396274029296
20160616,0.01684250339449748,-0.008315245884810704
20160617,-0.044831413296730266,-0.004281961859845307
20160620,-0.012220111334775331,0.00623706040043161
20160621,-0.01861480844223193,-0.001987715922391887
20160622,0.028808576631774864,0.0007499307480696666
20160623,-0.11600976096751872,-0.0002281802633973025
20160624,0.04018397781903331,-0.0024153812702529523
20160627,-0.012552466071119973,0.000979911886348787
20160628,-0.05406722127027582,0.00498266870349785
20160629,-0.07616136096556403,0.004117166595843101
20160630,0.06723273022126262,-0.002299633396141975
20160701,-0.07929560267053767,0.007655694340291396
20160704,-0.17224590480521298,0.016594713213998323
20160705,0.15736784077903385,0.0013916125972804163
20160706,0.019088596562522615,-0.014805651333352956
20160707,-0.07184808418628434,-0.029029992607259306
20160708,-0.053315058767721656,-0.009322452852142228
20160711,0.045626160826775536,0.003692926096605688
20160712,0.0767871432137703,0.0007303147317030851
20160713,-0.010929070532190315,0.0038419548466839945
20160714,0.06796670413163935,-0.002283521585332693
20160715,-0.12215603297884205,0.017603081797077737
20160718,0.07288771574849258,0.014254326067950754
20160719,0.024637304385385292,-0.003343302050120884
20160720,-0.0383361487435471,0.006419537372509421
20160721,0.040546094394350016,0.0019178525936004271
20160722,0.055808471927881284,-0.013017459833351232
20160725,-0.05487661022583425,-0.014435625492844552
20160726,0.07172418079844559,-0.002629245278410584
20160727,0.06692231249284743,0.00436732104348648
20160728,-0.12337902116050466,-0.00019661172524589155
20160729,0.09393181983420347,0.0034677955385274003
20160801,0.15492258260584024,0.01677554803794513
20160802,0.049671609797237566,0.00182888729526696
20160803,0.03888178754420748,0.007059491712958816
20160804,-0.07247957251038406,0.008241979072457545
20160805,-0.0659061985789368,-0.0005368279911031787
20160808,0.13941953524974512,0.0002842389521245778
20160809,-0.10840929850718484,0.015167949837712665
20160810,0.11750027020843685,0.00027988120780406004
20160811,0.05072752350965822,-0.00015547988898963942
20160812,-0.0712996775848665,-0.00018660778208599542
20160815,0.16014769929963268,0.020016064706469754
20160816,-0.07929560267053767,0.012904186574188903
20160817,0.0770509328167139,0.004264654930357195
20160818,-0.03196619206249241,0.006958471536399613
20160819,0.0,-0.0008932293811303994
20160822,0.12342689439219635,-0.0024455723492084473
20160823,0.05306896813022847,-0.002212125737671351
20160824,-0.060203362244102485,0.005372345409079722
20160825,0.051173955524708235,-0.0024438231152922635
20160826,0.017978012295408394,-0.007938808340004062
20160829,-0.0969922659873097,0.003662677846465649
20160830,0.09488921579053083,-0.0010493966932592661
20160831,-0.043017385083690816,-0.004811315851752178
20160901,0.01526747213078838,-0.010210198828435067
20160902,-0.10247866928293738,0.0045574775812729
20160905,-0.07013182377408253,0.018650029273586964
20160906,-0.0021390382487494184,0.004778946152780481
20160907,0.021187233219443845,-0.0017486408036013735
20160908,-0.045023681373955134,-0.001098167358266997
20160909,-0.024418527348145886,0.004976608410826851
20160912,0.01984629637193075,-0.007176567677276308
20160913,-0.06076109401043714,-0.002025860193547624
20160914,0.0274616799413878,-0.011306671954779982
20160919,-0.019672765598704782,-0.007720877049504746
20160920,-0.061452779213663565,0.026425856485729548
20160921,0.05702799323330799,0.008137077239155587
20160922,-0.040729611500188515,0.0018774390213502782
20160923,0.01376168507268153,0.001200884698307279
20160926,-0.0968880004855417,0.0029229530923978436
20160927,0.11253077755599536,-0.000467098741487404
20160928,0.006629858538669582,-0.004213735970819486
20160929,-0.07546436435896657,-0.005528125111024134
20160930,-0.1790016580842843,-0.006686217625309029
20161010,-0.0691519678201166,-0.0006829688623824692
20161011,0.007134394113874111,-0.0031834369297383267
20161012,0.018779894651596275,0.0003575259244375536
20161013,-0.007001195458983588,-0.0001787469841206018
20161014,-0.02369779142982313,-0.002475950254349828
20161017,0.05625780265009448,0.031024144499703175
20161018,-0.08205055721182332,0.018674437954301303
20161019,0.12278502054903855,0.00017050298421523498
20161020,-0.11097850796204954,0.0021004833155695624
20161021,0.05035388614561481,-0.007199700996521951
20161024,-0.006703935722190218,0.009833256258702001
20161025,-0.062448032097926286,0.017993254699070083
20161026,0.028237170181609983,-0.005096013590244738
20161027,-0.03782956987304949,0.004095568864736981
20161028,0.021454935001259463,-8.341559042221376e-05
20161031,0.026475673984027955,0.006347467781127097
20161101,0.048677048395316655,-0.0008292562047478618
20161102,-0.03922071315328127,-0.015494680746291177
20161103,0.007034026657379982,0.0006457500048917964
20161104,-0.0380998462322704,0.005960477133634138
20161107,0.04487175417717545,0.0022573687562478183
20161108,-0.021004272770532125,0.014755725034901648
20161109,0.05058549678810624,0.006016371690493842
20161110,-0.11890474076558352,0.0013078664571008545
20161111,-0.015267472130788419,0.015455172400823372
20161114,0.03855899360368308,-0.019438589214527024
20161115,0.03940254786602883,-0.031210018490277342
20161116,-0.09032263829328573,0.009711539221470592
20161117,0.119440036864013,0.004375764726672548
20161118,-0.09486877613350764,-0.0034544273263969697
20161121,0.0368705358083278,0.006564331537741452
20161122,-0.048677048395316766,0.01212470075209782
20161123,-0.007151401157625128,0.0033905752704798202
20161124,0.05808833752037925,0.014256143007612543
20161125,-0.06770379621982127,0.0031167739777712817
20161128,0.091534809581447,0.01623196278267804
20161129,-0.07356256717701673,-0.003251863432161506
20161130,0.09692811613322863,-0.009124466427981969
20161201,-0.035256295477733485,0.0058619938712353
20161202,-0.03902934390573523,0.006831025530243799
20161205,0.08205055721182332,0.004764608826726972
20161206,-0.04018397781903331,0.0029107521632751013
20161207,-0.07078425703236965,0.003815701255559243
20161208,0.04540803953899498,-0.01025165963710804
20161209,-0.09554385196335048,-0.00892094913404671
20161212,0.015037877364540504,0.00797175719419133
20161213,0.019705071079332337,-0.0020068132741736058
20161214,-0.06291382541056932,-0.00023791585821407473
20161215,0.10354067894084036,0.00776902370969508
20161216,-0.05536913526747443,0.01595328625595659
20161219,0.03782956987304957,-0.0006456695171300685
20161220,0.0274616799413878,-0.022283807615427174
20161221,-0.09463320809845263,-0.003837861863017448
20161222,0.0024783160144670005,-0.004438486509428593
20161223,-0.10151752437865852,-0.01884895081732619
20161226,0.16321121059153598,-0.003180863145501635
20161227,-0.014218249002279137,0.0075684981569586725
20161228,0.04890380699016916,0.008851877265088022
20161229,-0.07305957086950507,0.0003749430933880408
20161230,-0.02225060893481981,-0.0011788662816328071
20170103,-0.024214258120594627,0.003933062821768204
20170104,-0.012330612457478674,-0.006268101525149591
20170105,0.0,-0.0032566743447788224
20170106,0.050796893285274716,-0.0032943620645640224
20170109,0.07648609455868925,-0.0012991232746260787
20170110,-0.05116828657439949,0.0011909274400601505
20170111,0.09758032833886404,0.0018917390718485143
20170112,-0.13580154115906176,0.005331622614429626
20170113,0.09176197974822753,0.0005369704258326242
20170116,0.08786135579133425,0.006394585073276581
20170117,-0.02125227565965909,-0.0019755465873023247
20170118,-0.08722836733441082,0.0002671939309435047
20170119,-0.026386755173194887,-0.004739916486183302
20170120,-0.02710192977779127,-0.001504325217875691
20170123,-0.0574713539144787,-0.0048237020381415524
20170124,0.06541841560701046,0.002212629073236138
20170125,-0.045891993256655265,-0.0004043835228383997
20170126,-0.1170926662813628,-0.003836287293051735
20170203,-0.033997608541419734,-0.0054827377253942235
20170206,0.14959964799183945,-0.003244056549090649
20170207,-0.040821994520255166,-0.0006282179303340968
20170208,-0.10146946016485964,0.0001912385433451064
20170209,-0.0220867874028434,0.0005734962948199951
20170210,0.12574682894752165,0.00122781423591022
20170213,0.13543797089510412,-0.005907305569049537
20170214,-0.12783337150988489,-0.01008995713501131
20170215,0.19028638615643464,-0.0018859034349570224
20170216,-0.06690736499593011,-0.00097207378750579
20170217,-0.08620001791875054,-0.02089024755038896
20170220,0.10670010058688284,-0.0035245332375674608
20170221,0.049363723118336034,-0.011397276947159227
20170222,0.0045766670274118935,-0.005660828425399589
20170223,0.009090971701252105,-2.8964099001322744e-05
20170224,-0.06062462181643485,-0.0026392509410752864
20170227,0.17339292604965326,0.00043552110788148106
20170228,-0.10635752471349484,-0.004188853319307803
20170301,0.0024906613124518304,0.006073922682532959
20170302,0.09937247381320376,0.006699418646320556
20170303,-0.04373539350780793,0.00037407381200182775
20170306,0.11749439371470564,0.005594380060459897
20170307,-0.04245920777179152,-0.0030371645936193726
20170308,-0.01946533478810335,-0.0069108775398470275
20170309,0.13107136678366035,0.0017610466898066726
20170310,-0.1261693961834535,-0.010409059030151222
20170313,-0.13119221027135042,-0.0009914560634860187
20170314,0.0872060620871006,-0.008143701450294404
20170315,-0.04601030564883325,-0.006728864959101594
20170316,0.037408102066170006,0.007992846079485673
20170317,0.054635435388638055,0.002054232439720437
20170320,0.002195390563435656,-0.004819428059419765
20170321,0.015234244571847988,5.8913632631540215e-05
20170322,-0.02183492860320007,0.0035284814167363546
20170323,0.05162436540530725,-0.00455997142169483
20170324,-0.006309169193264721,-0.0054995555660385465
20170327,-0.03757348056442378,-0.010611127879068975
20170328,-0.04373539350780793,-0.009151177649398908
20170329,0.002350177344953673,0.0010880736127580248
20170330,-0.02616082603867216,-0.0029041646742912547
20170331,0.0,-0.0008183182502144358
20170405,-0.028104894320108483,-0.0035842332278151613
20170406,0.12906776372853382,0.006127916275759226
20170407,-0.2158632279460844,-0.0039090366590221175
20170410,0.004597709248629549,-0.00676316363126971
20170411,-0.056618893999507924,-0.012333494799590982
20170412,-0.04976150955906383,-0.0020756214951948436
20170413,0.0497615095590638,-0.0002791433419177075
20170414,-0.06259865631974455,-0.004882078201316577
20170417,-0.0732322386710097,0.002335176588512686
20170418,-0.017305747097592566,-3.1099846058237624e-05
20170419,0.09281329960573773,-0.018899881320543273
20170420,-0.1545295394642961,-0.005976240051549409
20170421,0.09362078637730373,-0.0022982645458413573
20170424,0.038862033092047193,0.0037320022263254934
20170425,-0.062448032097926286,-0.007927163135375571
20170426,0.018913093306486776,-0.0008026069101894586
20170427,-0.04797082778602962,0.005061679876271036
20170428,-0.1171689736168239,0.0015964753223195111
20170502,0.24994174446893386,0.008545567197090763
20170503,0.02140390866315358,0.0019592978079270604
20170504,-0.01900294712561536,-0.004810288081656352
20170505,-0.07466152876901964,0.0012681103687141148
20170508,0.05918887139033065,0.01375035430546614
20170509,0.05588045839445663,-0.0004375957310475533
20170510,-0.15234072458201878,0.007320106821738807
20170511,-0.023048395436291017,0.002077230280780861
20170512,0.03812405784173824,0.007928102853152087
20170515,0.029314387668775307,-0.0014144273928105913
20170516,-0.03390155167568134,-0.002526343077611809
20170517,0.00687287928776205,0.0013871979289506277
20170518,-0.032485455144488425,0.0047021307651805766
20170519,-0.11748826778394696,-0.0046405221646003735
20170522,0.10852623119585132,0.004088476514808041
20170523,-0.037908663981897836,0.00039873020296086955
20170524,-0.004555816535860691,-0.006707511071367728
20170525,-0.08080403241529611,-0.0012356358917990729
20170526,0.0,0.006040079996349876
20170531,-0.031826431611677204,-0.026620086524818103
20170601,-0.022642476749759773,0.000946133538473598
20170602,-0.0415644244212505,-3.1523366698196415e-05
20170605,0.13205972201306632,0.0015120018000567212
20170606,-0.0951040154906372,-0.0013859142951613067
20170607,0.02020270731751947,-0.004517532837242025
20170608,0.08923113372794261,-0.004124633044707419
20170609,-0.19706383853115805,0.003839629005221052
20170612,0.11918851726511835,0.005243717988727835
20170613,-0.043634935896869814,0.00040949396568618605
20170614,0.004683849312426438,-0.0023016421177241477
20170615,-0.055236128475257634,-0.01494701066353702
20170616,-0.05064373281875492,0.007851187682068021
20170619,-0.033495954428182234,0.0067485404636532555
20170620,0.08396538011733412,0.00044197500403772994
20170621,-0.09374540917097386,-0.009864484082027048
20170622,-0.04523384182414873,-0.0031926468597663544
20170623,-0.02868514799885855,-0.00041579377228229
20170626,0.09109024056445077,-0.0018571891345148576
20170627,-0.010000083334583309,-0.0012507417886937003
20170628,0.019901154317295017,0.0014750684091925151
20170629,-0.0024660924951935537,0.002783868172309431
20170630,-0.1261512853269,0.005131403588091176
20170703,0.06268370229368675,0.007032689675472588
20170704,-0.0025348556031880663,-0.003700252486462076
20170705,0.020101179321087303,0.005655533944496481
20170706,-0.06420690117101029,0.010280933082442243
20170707,-0.0026560440581162967,0.0005299830217735421
20170710,0.1709964074369013,0.011250176766239328
20170711,-0.1575733871047605,0.0021242215330046776
20170712,-0.06613980250454495,0.0001230050126092859
20170713,-0.028903746182348988,-0.00616886074602813
20170714,-0.002936859673309713,-0.002416208349773973
20170717,0.2743039465056048,0.0008060516309438605
20170718,-0.04652001563489282,-0.002761875485236381
20170719,-0.010638398205055754,-0.003050016369587633
20170720,0.002670228555878892,0.006369547238257739
20170721,0.046883585898850465,0.005959842860570018
20170724,-0.08026436344303534,-0.005619206486602027
20170725,0.16926843454937535,0.00577313552561914
20170726,-0.09969936022308803,0.005219539022126248
20170727,-0.013532006218576273,0.0047963187858830495
20170728,-0.047428693571110916,0.0027999287876194867
20170731,0.07431990391248905,0.004548356790511528
20170801,-0.025105921131076358,0.005400770440476055
20170802,0.114639367553416,-0.003647603712679155
20170803,-0.16089038520417162,-0.0032669882043345503
20170804,0.08231595257155158,-0.002730667068905732
20170807,0.09123131622950392,-0.0008814724198766949
20170808,0.045280704533156496,-0.0007605141441923285
20170809,-0.023716526617316044,0.00621920851750366
20170810,-0.021564177915840525,-0.0008471756278070276
20170811,0.04005876055200496,3.0268634130300542e-05
20170814,-0.04173067245647323,0.0009378735163392867
20170815,0.14763599880606468,-0.0032712432624345225
20170816,-0.009852296443011594,-0.0066053051967517465
20170817,0.04121795572123138,0.00027482174929058294
20170818,-0.04369627173569847,0.000762997702243111
20170821,0.02795607726658992,0.005081945724147653
20170822,0.09325749348658273,0.015929513725663123
20170823,-0.05635293655113175,0.0029829398087758397
20170824,-0.014598799421152638,0.0017557699393439996
20170825,0.10462495107887236,0.00047561012757062774
20170828,-0.046980208924192496,-0.001397748959926271
20170829,-0.05462996748658988,-0.0021152049356265167
20170830,0.08945935862826973,-0.0013130802567068933
20170831,-0.050135812424355455,-0.0025714641606585
20170901,-0.018158735011871062,0.004838430083040148
20170904,-0.01562531790308087,0.0011315586937847935
20170905,0.11163997114266946,-0.0011911498981406093
20170906,-0.028573372444055996,0.003094043464341092
20170907,-0.034401426717332435,-0.0010996687241938477
20170908,-0.1479201300766222,0.0008025801896260537
20170911,0.1149461543211838,0.004387922484041633
20170912,0.0,0.004398206484854391
20170913,-0.1378697942231208,0.01377718318243249
20170914,0.05085841723349095,-0.005009184251705145
20170915,0.09455858262501256,0.007996902032057286
20170918,0.034531983542375945,-0.0012752146406976516
20170919,-0.08724876571478014,0.001304177900804143
20170920,-0.02597548640326068,-0.0019423955546801134
20170921,0.02882043853549188,-0.001364831132543249
20170922,-0.025900728432157124,-0.007057068830746167
20170925,0.12689175185462376,-0.0033417396402827845
20170926,-0.09220619386673376,-0.0010576104866659084
20170927,0.025246782734783892,0.0007639419775660304
20170928,0.024625047305389197,-0.019725090430885807
20170929,-0.09639184567506584,-0.0006292794957669548
20171009,0.20343848023487726,0.007495593005513099
20171010,-0.1413801664165939,-0.0036362592598585923
20171011,0.1136356377829386,-0.002690986823458514
20171012,-0.07982960165248484,0.0005687005346408748
20171013,-0.07474742650781446,-0.00047888420896626465
20171016,0.11477551459242825,0.006207678035759478
20171017,-0.0986893768408038,0.0014270851240162242
20171018,0.005305052229693098,-0.0018734672047242588
20171019,-0.026811257450656812,-0.00017860863917936427
20171020,-0.02197890671877523,-8.931628390647458e-05
20171023,0.16772275737280198,0.00484132997824399
20171024,-0.017305747097592566,0.007556562316755185
20171025,-0.1274933703732724,0.00208569028210018
20171026,0.07106814814912955,0.0016126907569441243
20171027,-0.03490287168106014,0.0013760597097500298
20171030,-0.1287686065558411,0.00397115597650954
20171031,0.08944506035192677,0.0015433225258014742
20171101,-0.043722811013831575,-0.0012519472323647104
20171102,-0.12163121252341973,0.001862794146947501
20171103,0.046233195039207864,-0.0027080165053062696
20171106,0.1013524942602875,-0.0008751203848950847
20171107,-0.16749229676483246,0.0010792049932508187
20171108,0.17708469645627184,-0.0004665403204610591
20171109,-0.10297672430255007,0.0028541491882288
20171110,-0.032260862218221435,-0.002154420304610111
20171113,0.018543577712169104,-0.0009914271529994645
20171114,-0.018543577712169072,-0.0072614730691747285
20171115,0.049553814454729284,-0.008054922949295128
20171116,-0.010230268250814922,-0.005108416217442931
20171117,-0.06368199003595484,8.932426201771394e-05
20171120,0.010638398205055796,-0.008251414570617961
20171121,0.043991569281534096,-0.00650545919879082
20171122,-0.012739025777429714,0.0001510688121310342
20171123,-0.1610117702072036,-0.0007253385230969812
20171124,0.09749836448487766,-0.0005745996861706516
20171127,0.24921579162398486,-0.008506294265241311
20171128,-0.06846779927746073,-0.0026578291723891615
20171129,0.04616204176316241,-0.003677601447977122
20171130,-0.1084284304891632,0.0003376770918182091
20171201,-0.011236073266925842,0.0014108700659568618
20171204,0.015915455305899582,0.0023878049672587595
20171205,-0.05129329438755058,-0.003675911628832408
20171206,0.184166575767524,-0.0011054135679005497
20171207,-0.13550832901797846,-0.010904424984955767
20171208,0.05642522222414278,-0.0006524677492969882
20171211,0.017972242404430436,-0.000466309171424768
20171212,-0.020566277581476968,0.0007459903367213952
20171213,0.08462758563435352,-0.0008081813252672779
20171214,-0.07172418079844561,-0.010283429424032983
20171215,-0.0155041865359652,-0.0046606917935809586
20171218,0.028315920117287858,0.0015769889094195224
20171219,-0.012771565679487505,-0.003061629472728449
20171220,-0.02868514799885855,6.322111587381905e-05
20171221,-0.04324998379381663,-0.008379937306750698
20171222,0.0027586224390796607,-0.013704340159095232
20171225,0.016529301951210506,0.004481782155670983
20171226,0.032260862218221484,-0.0015131761873762712
20171227,0.033813364365778115,0.005590555622262291
20171228,-0.06607422658399953,0.002048459571093039
20171229,-0.08850280157629979,-0.000287811197842265
20180102,0.17118381238349878,0.013280576446900696
20180103,-0.010723963362975724,0.003560124111194374
20180104,0.04994467651625687,0.004894127415910792
20180105,-0.0717439048588413,0.0004380475664539023
20180108,-0.01467018974779374,-0.0030076152876339465
20180109,-0.13423537012631687,0.00241307564718428
20180110,0.04946063016839968,-0.0003756809260889961
20180111,0.02645656953683046,0.0035632832376255976
20180112,0.01554435443780038,-0.009278481711359294
20180115,-0.015873349156290118,0.0007555248108554391
20180116,0.08923113372794261,-0.0020160026987994673
20180117,-0.07335778457165247,-0.005469936964650525
20180118,0.04616204176316241,0.0005388358107520263
20180119,-0.046162041763162485,-0.004828165150715222
20180122,0.1417589475320949,0.000477501720120613
20180123,-0.06171623985855847,0.0013040092174304648
20180124,-0.0026560440581162967,0.0032684434192758894
20180125,0.05434713729729599,0.001234783040897822
20180126,-0.05169109323917968,6.32811264252339e-05
20180129,0.009569451016150672,0.003474309423240429
20180130,0.0047506027585978,-0.0013251303406183093
20180131,-0.058553308751574135,-0.001896094614330398
20180201,-0.1545695280009209,-0.00539187452369371
20180202,0.0870113769896297,-0.014253240031182507
20180205,-0.08130887407223163,-0.005304537456871441
20180206,-0.05563708030539573,0.001523081455216331
20180207,-0.09655473503652952,0.0010033175046687075
20180208,0.05852733944729027,-0.0015215529247014103
20180209,-0.17768117723745236,0.002103662765859036
20180212,-0.10536051565782628,0.007825496822360296
20180213,0.002919710103334846,-0.0012197080632646352
20180214,-0.08198823357902779,-0.0024438882830535155
20180222,0.13976194237515865,0.0047216109045438446
20180223,-0.035965148693515116,0.004412336100846916
20180226,0.1608040643179949,0.010157205242461767
20180227,-0.013351333174864224,0.000726090351221974
20180228,0.008032171697264253,-0.0001262387175822874
20180301,-0.08919557880447095,0.007890765411519349
20180302,-0.029587957185496068,-0.003293345719551003
20180305,0.0709517359722844,-0.00563949762632669
20180306,0.05852733944729027,-0.0019607849419407634
20180307,-0.1413135330665776,-0.0006333322989492082
20180308,0.1283094486433709,-0.006068616016021015
20180309,0.21367477988535785,-0.0059774187468209835
20180312,0.16556138793648956,-0.004595197597337631
20180313,-0.011806512586988952,-0.0008699995715421302
20180314,-0.08938949939459714,0.003025623526118066
20180315,0.09649012094417347,-0.0024777577717481477
20180316,-0.13083960095881114,-0.0008057888302428782
20180319,-0.016036998909816958,-0.0015489370291659238
20180320,-0.0570225719596881,-0.0002906929818115624
20180321,-0.05529046301301997,-0.000581639593739568
20180322,0.060168521466452914,0.0008400375279938487
20180323,-0.09969936022308803,-0.0007107550455900594
20180326,0.07545841125159343,-0.004567327311939497
20180327,0.06782259633876109,0.0016544210868152589
20180328,0.0980740807877931,-0.004352776078316228
20180329,-0.11460338273900375,-0.008106208995818803
20180330,-0.016807118316381292,0.001737904787097366
20180402,-0.033819648239786435,0.008059691549235465
20180403,0.05031001013920184,0.002175078364944272
20180404,-0.10069850255201504,0.003140634917053335
20180409,0.12574682894752165,0.012017753326643732
20180410,-0.0243644388741406,-0.006022956632400844
20180411,-0.08172573752382947,-0.0033474989415628047
20180412,0.054451319604170295,-0.005917655387606224
20180413,0.02052523594473085,-0.002467934358643557
20180416,-0.018265347977293317,-0.0035828323128659105
20180417,-0.10689779497671276,-0.008421171380810576
20180418,0.08594242980072463,-0.0024709674050077146
20180419,-0.12516314295400605,0.0041477444413615125
20180420,0.13453089295760606,0.0005911330221397233
20180423,0.11579185308980547,0.00029543552334638476
20180424,0.02252347466708292,-0.0027937110412037548
20180425,0.015469921772131731,0.0013813974042528843
20180426,-0.19823701209985412,-0.0013813974042529615
20180427,0.08455738802806298,-0.0009549369314839329
20180502,0.12279557747992766,-6.589134519564674e-05
20180503,-0.04779066383634844,0.0020077353901397205
20180504,0.011587615172387829,-0.006002260616423147
20180507,0.10438204199854614,0.0005291180387343774
20180508,-0.13416091735415756,0.0005949233385410626
20180509,0.01995078641934869,0.0056013326022371175
20180510,0.10536051565782636,0.001936681003827436
20180511,-0.06187540371808752,0.014067311103523513
20180514,0.060920173761840266,-0.005057064719288305
20180515,0.007067167223092353,-0.0010079826570011535
20180516,0.05258354147288388,-0.0023450487898745835
20180517,-0.004464293128685493,0.00016302841621406708
20180518,0.0,0.01424341055015743
20180521,0.09424008874448052,0.002119121037042954
20180522,-0.004291852081541032,0.0015383632288392625
20180523,0.012820688429061469,0.00016011015612919042
20180524,0.0,0.0019193249870139246
20180525,-0.09807408078779316,-0.001599181560025464
20180528,-0.1349412335460475,-0.006551293542826651
20180529,0.02892303946925045,-0.0008380609051621698
20180530,-0.019934214900817253,0.004022725749137148
20180531,-0.004484312447328576,0.0008026069101894048
20180601,-0.12681244237577768,0.001763470966971296
20180604,0.1804258216290555,0.0028151010273559916
20180605,-0.08718389488878964,-0.006763171443166647
20180606,0.04057351644716645,-0.0009975063171254136
20180607,0.052286836446428224,-0.0015787357286291019
20180608,0.29379542325707336,-0.0018719344479946815
20180611,0.2657856705802123,-0.002976481540081592
20180612,0.10952639935726458,-0.0021407727929287214
20180613,-0.1267517056391439,-0.013797380977472606
20180614,-0.14965629023941907,-0.001284775588101203
20180615,-0.17072980863016954,-0.0015835316056442737
20180619,0.029413885206293407,-0.029144862569815792
20180620,0.0,-0.00932336039963806
20180621,-0.041929693138123926,0.0043822179753101815
20180622,0.058696552995190915,-0.0006834569517316728
20180625,0.09852521905196884,0.008238624933946897
20180626,0.06453852113757116,-0.0035662770242126138
20180627,-0.011641575015485756,0.0032271790216414973
20180628,-0.045516838824462905,0.005243140975418671
20180629,-0.0024539889615667033,0.005182230529515177
20180702,0.06124362524071859,0.00405299588459381
20180703,0.07162965613925486,-0.00033433634547475576
20180704,0.18078427747506806,-0.001673360497564629
20180705,-0.19237189264745613,-0.0014077900025659977
20180706,-0.060042040966866925,-3.35429769423865e-05
20180709,0.1464819305879579,0.0021779565981648458
20180710,-0.037651506203688435,-0.010666857537611143
20180711,0.00239521072595485,-0.011089680612900053
20180712,-0.034066554563606195,-0.00411325732463188
20180713,0.0,-0.006167223116667018
20180716,0.17541477058069976,-0.007075255818210185
20180717,0.038839833316263964,0.0010783922565959728
20180718,-0.026539555234612263,-0.0019489113149992639
20180719,-0.05787778657797087,0.006389354328955397
20180720,0.0962517994595859,-0.0025994295895142355
20180723,0.1095888517673474,0.001595117891446629
20180724,0.15016444515942326,-0.0021158156381759973
20180725,-0.0537041789718611,0.007127317996158062
20180726,-0.030340717052672276,-0.00034481569942700595
20180727,-0.019139340210697398,0.0018950166747343216
20180730,0.20618903820059808,0.0020975541964930663
20180731,-0.09389608576712694,0.0015788573727715477
20180801,0.04804969764170823,-0.002953806028814844
20180802,-0.09038406146826906,0.009993922594719555
20180803,0.060306606230991135,-0.0012267431511856974
20180806,0.11840357554598267,0.005983156276834191
20180807,0.007416597655049619,0.0034511961171170965
20180808,-0.007416597655049706,0.0019234344285579423
20180809,0.05550278432268743,0.003331934088000278
20180810,-0.03584613177313577,0.001208865157288949
20180813,0.007343974255758504,-0.002217370302100416
20180814,0.06148508365068089,-0.0001345442316190787
20180815,-0.01153415324528652,3.363775501945073e-05
20180816,-0.205321866637882,-0.005125968125433392
20180817,0.15537093623248768,0.005193240241166793
20180820,0.15567739768105826,0.0067712782183983345
20180821,-0.032561016049312184,-0.0014710309897501637
20180822,0.004716989878138868,0.0058379229402805355
20180823,0.009367750003600241,-0.0019977365637196542
20180824,-0.06999237182003502,0.0025630371025081233
20180827,0.06589999173589227,-0.010056715954035027
20180828,0.08552217343816193,-0.0011759766159939492
20180829,0.01164157501548577,-0.0017497228462139069
20180830,-0.08953982334298842,0.0007406410249687059
20180831,0.058985155021015964,0.0015468427322651282
20180903,0.02699550434201173,-0.0011430878060170993
20180904,-0.07541260378038675,0.012469448009958166
20180905,0.11342192974737092,0.0014939001865388588
20180906,-0.10821358464023273,-0.003056582332546645
20180907,-0.02099814683977347,-0.009696478272947172
20180910,0.13963663694300424,0.0036890510681479517
20180911,-0.002509411605425807,0.0006358236640206584
20180912,0.017435061822101347,-0.0008701764329667539
20180913,-0.022472855852058632,-0.0010385086610316602
20180914,0.0444517625708338,-0.004636170368265179
20180917,0.046980208924192544,0.006544855462263657
20180918,0.05635293655113178,-0.0036867019000303763
20180919,-0.18781607611159534,-0.010022524715545895
20180920,0.16238117896377374,-0.008173040557478355
20180921,-0.05536913526747443,-0.005864314890855981
20180925,0.12074951662147995,0.0014778920392016226
20180926,-0.08399997441273843,0.0036680934496466032
20180927,0.01788042527784836,0.0016411382239242015
20180928,-0.09000780656824096,-0.0014016377523321261
20181008,0.2273389425443124,0.004130897088407351
20181009,-0.17469520905889052,0.006621528802694099
20181010,0.17469520905889055,0.0018597107593219518
20181011,-0.024214258120594627,-0.007800087025632892
20181012,0.0,0.0043484237564100645
20181015,0.10008345855698264,0.008001798354643
20181016,0.08879549878313106,-0.0030311218142171415
20181017,-0.13011364811386214,0.005315224785689808
20181018,0.0024783160144670005,-0.003360782864185133
20181019,-0.1042610103244094,-0.003439674262039939
20181022,0.064699176612252,0.007571842135883599
20181023,-0.041826514946260634,0.00164140393606385
20181024,0.029705154413915694,-0.0061439484198081385
20181025,-0.009804000096620856,-0.0071650975727175735
20181026,-0.014888612493750638,-0.0016973898226132073
20181029,0.09433741708170262,0.003798159747788919
20181030,0.05214451350625518,-0.004988049228470982
20181031,-0.0619245425598949,-0.004227038848967831
20181101,0.026668247082161273,0.00037570231157307827
20181102,-0.05154515183756588,-0.011609266568983388
20181105,0.10032272162786904,0.0014499260316220865
20181106,-0.032335380642936465,-0.002175678167294737
20181107,0.01398624197473987,-0.002284370368991777
20181108,-0.08953982334298842,-0.0036102375450309003
20181109,-0.007623925110659371,-0.01020666695606832
20181112,-0.053488684950986236,-0.013761117097515041
20181113,-0.14458122881110755,0.0020993834102432255
20181114,0.03125254350410453,-0.016088635542760493
20181115,0.07410797215372182,-0.006341405121856003
20181116,-0.037850224131097635,0.0030488935091376288
20181119,0.08860754652245192,-0.008772465029898422
20181120,0.03730705241281061,-0.0070811691755872
20181121,0.060127397972594886,-0.00516816093673507
20181122,-0.08292040750115158,-0.0008516153435179506
20181123,0.050572573635632334,0.007565030450868613
20181126,0.15088803419244198,-0.004199829338576974
20181127,-0.014104606181541938,-0.011099881945648012
20181128,0.12282082968634055,0.002200056821027133
20181129,-0.1813170363679492,0.005423490262747248
20181130,0.014947961435873148,0.0007776770069941345
20181203,0.009302392662313409,0.003362962573729164
20181204,0.2256096438094033,-0.0017355025311329541
20181205,-0.21945577823502496,3.695696362011293e-05
20181206,0.015220994010355168,0.0006280595015725987
20181207,0.014992784586141318,0.000258498127327908
20181210,0.14805309995913976,0.00022151665157398438
20181211,0.13429562651727864,0.004714036645530371
20181212,-0.09825569003408173,-0.0025383992292817873
20181213,0.17293645456623272,-0.0009581721757583842
20181214,0.03414965985211857,0.0015473605857914824
20181217,0.06878645183506765,0.004774330564377006
20181218,0.11714056856072196,-0.0028986059297587347
20181219,-0.16752159285307436,0.007650250529205996
20181220,0.12819804664916004,0.005491022724196804
20181221,-0.1909145205167865,-0.0022145991007623085
20181224,0.15322260551470435,-0.009274539770417308
20181225,-0.031119908713804517,-0.008325093206750553
20181226,-0.041061486797773925,-0.0007400829230636138
20181227,0.10236201266156968,0.002993958879505231
20181228,-0.08455738802806301,-0.0007014823717163065
